MANDT,VBELN,POSNR,MATNR,ARKTX,KWMENG,VRKME,NETPR,NETWR,WERKS,LGORT,PSTYV,ABGRU
100,5000000001,000010,MAT00080,Tool Kit 20,43,EA,2389.09,102730.87,G100,0001,TAN,
100,5000000001,000020,MAT00025,Barcode Scanner 7,15,EA,19736.23,296043.45,C100,0001,TAN,
100,5000000001,000030,MAT00028,Safety Gloves 7,8,EA,5625.51,45004.08,A100,0002,TAN,
100,5000000001,000040,MAT00051,Bubble Wrap 13,50,EA,-859.7,51582.0,A100,0003,TAN,
100,5000000002,000010,MAT00052,Safety Helmet 13,26,EA,5183.31,134766.06,X999,0002,TAN,
100,5000000002,000020,MAT00044,Tool Kit 11,2,EA ,5252.7,10505.4,C100,0002,TAN,
100,5000000002,000030,MAT00021,Business Monitor 6,6,EA,28080.21,168481.26,A100,0002,TAN,
100,5000000002,000040,MAT00034,Desk Lamp 9,44,EA,11248.79,494946.76,A100,0001,TAN,
100,5000000003,000010,MAT00030,Standing Desk 8,3,EA,6039.39,18118.17,G100,0003,TAN,
100,5000000003,000020,MAT99999,Filing Cabinet 20,32,EA,9209.18,294693.76,C100,0002,TAN,
100,5000000004,000010,MAT00042,Desk Lamp 11,59,EA,4247.74,250616.66,C100,0002,TAN,
100,5000000004,000020,MAT00013,Business Monitor 4,-1,EA,31446.72,440254.08,A100,0002,TAN,
100,5000000005,000010,mat00056,Safety Gloves 14,36,EA,5795.65,208643.4,G100,0001,TAN,
100,5000000006,000010,MAT00050,Filing Cabinet 13,16,EA,9306.13,148898.08,C100,0002,TAN,
100,5000000006,000020,MAT00034,Desk Lamp 9,49,EA,11151.24,546410.76,A100,0001,TAN,
100,5000000007,000010,MAT00068,Safety Gloves 17,38,EA,6048.95,229860.1,G100,0002,TAN,
100,5000000007,000020,MAT00012,Drill Bit Set 3,4,EA,4448.58,17794.32,G100,0003,TAN,
100,5000000008,000010, MAT00005,USB-C Dock 2,32,EA,6543.44,314085.12,G100,0001,TAN,
100,5000000008,000020,MAT00022,Office Chair 6,25,EA,7174.77,179369.25,C100,0003,TAN,
100,5000000009,000010,MAT00003,Packing Tape 1,1,EA,872.26,872.26,C100,0001,TAN,
100,5000000009,000020,MAT00040,Drill Bit Set 10,0,EA,3183.78,28654.02,G100,0003,TAN,
100,5000000010,000010,MAT00048,Safety Helmet 12,41,EA,1752.91,71869.31,G100,0001,TAN,
100,5000000010,000020,MAT00010,Office Chair 3,-1,EA,14899.84,625793.28,G100,0001,TAN,
100,5000000010,000030,MAT00049,Laptop 15 Inch 13,2,EA,13037.21,26074.42,C100,0003,TAN,
100,5000000010,000040,MAT00015,Carton Box 4,54,EA,191.78,10356.12,G100,0002,TAN,
100,5000000011,000010,MAT00040,Drill Bit Set 10,45,EA,3486.11,156874.95,A100,0001,TAN,
100,5000000012,000010,MAT00051,Bubble Wrap 13,56,EA,1000.43,56024.08,C100,0001,TAN,
100,5000000012,000020,MAT00020,Tool Kit 5,50,EA,3626.65,181332.5,X999,0002,TAN,
100,5000000012,000030,MAT00008,Industrial Lubricant 2,13,EA,6751.87,87774.31,A100,0002,TAN,
100,5000000012,000040,MAT00023,Pallet 6,0,EA,1145.61,52698.06,C100,0001,TAN,
100,5000000013,000010, MAT00077,Business Monitor 20,50,EA,4055.55,202777.5,A100,0001,TAN,
100,5000000013,000020,MAT00079,Packing Tape 20,52,EA,56.44,2934.88,A100,0001,TAN,
100,5000000014,000010,MAT00070 ,Meeting Table 18,18,EA,5735.02,103230.36,A100,0002,TAN,
100,5000000014,000020,MAT00005,USB-C Dock 2,19,EA,5436.87,103300.53,A100,0003,TAN,
100,5000000014,000030,MAT00076,Industrial Lubricant 19,44,EA,2166.25,95315.0,c100,0002,TAN,
100,5000000015,000010,MAT00067,Stretch Film 17,20,EA,745.48,14909.6,C100,0002,TAN,
100,5000000015,000020,MAT00012,Drill Bit Set 3,14,EA,4764.33,66700.62,G100,0003,TAN,
100,5000000016,000010,MAT00041,USB-C Dock 11,38,EA,14947.05,567987.9,C100,0001,TAN,
100,5000000016,000020,MAT00054,Office Chair 14,37,EA,4612.95,170679.15,G100,0002,TAN,
100,5000000016,000030,MAT00027,Packing Tape 7,35,EA,764.55,26759.25,C100,0003,TAN,
100,5000000017,000010,MAT00071,Pallet 18,23,EA,862.62,15872.21,A100,0001,TAN,
100,5000000017,000020,MAT00074,Standing Desk 19,-1,EA,5888.99,395740.13,C100,0002,TAN,
100,5000000017,000030,MAT00017,USB-C Dock 5,5,EA,2874.38,14371.9,A100,0001,TAN,
100,5000000017,000040,MAT00049,Laptop 15 Inch 13,-1,EA,12543.84,489209.76,C100,0001,TAN,
100,5000000017,000050,MAT00008,Industrial Lubricant 2,32,EA,6836.74,218775.68,C100,0001,TAN,
100,5000000018,000010,MAT00050,Filing Cabinet 13,47,EA,11300.8,531137.6,A100,0003,TAN,
100,5000000018,000020,MAT00047,Stretch Film 12,13,EA,662.78,8616.14,C100,0001,TAN,
100,5000000018,000030,MAT00065,Wireless Keyboard 17,28,EA,4177.27,116963.56,c100,0001,TAN,
100,5000000018,000040,MAT00024,Tool Kit 6,29,EA,703.03,20387.87,C100,0002,TAN,
100,5000000018,000050,MAT00064 ,Drill Bit Set 16,44,EA,,138603.96,A100,0001,TAN,
100,5000000019,000010,MAT00025,Barcode Scanner 7,16,EA,22216.96,355471.36,C100,0002,TAN,
100,5000000019,000020,MAT00023,Pallet 6,58,EA,1115.24,64683.92,C100,0001,TAN,
100,5000000020,000010,MAT00078,Filing Cabinet 20,56,EA,9485.67,531197.52,c100,0001,TAN,
100,5000000020,000020,mat00054,Office Chair 14,26,EA,4581.32,119114.32,G100,0002,TAN,
100,5000000020,000030,MAT00040,Drill Bit Set 10,46,EA,3228.56,148513.76,A100,0002,TAN,
100,5000000021,000010,MAT00056,Safety Gloves 14,6,EA,5418.9,32513.4,A100,0001,TAN,
100,5000000022,000010,MAT00067,Stretch Film 17,13,EA,798.66,10382.58,G100,0001,TAN,
100,5000000023,000010, MAT00058,Office Chair 15,17,EA,5080.19,86363.23,A100,0002,TAN,
100,5000000024,000010,MAT00061,Business Monitor 16,57,EA,-15316.15,873020.55,C100,0002,TAN,
100,5000000025,000010,mat00043,Carton Box 11,1,ea,659.2,659.2,A100,0002,TAN,
100,5000000025,000020,MAT00057,Wireless Keyboard 15,27,EA,32711.31,883205.37,G100,0002,TAN,
100,5000000025,000030,MAT00053,USB-C Dock 14,15,EA,34351.52,515272.8,A100,0001,TAN,
100,5000000026,000010,MAT00023,Pallet 6,29,EA,976.25,28311.25,G100,0003,TAN,
100,5000000026,000020,MAT00060,Tool Kit 15,1,EA,2162.28,2162.28,G100,0001,TAN,
100,5000000027,000010,MAT00034,Desk Lamp 9,2,EA,9469.33,18938.66,G100,0003,TAN,
100,5000000027,000020,MAT00033,Business Monitor 9,47,EA,26627.67,1251500.49,G100,0001,TAN,
100,5000000027,000030,MAT00054,Office Chair 14,59,EA,5024.28,296432.52,C100,0003,TAN,
100,5000000027,000040,MAT00030,Standing Desk 8,19,EA,6299.51,119690.69,C100,0001,TAN,
100,5000000028,000010,MAT00056,Safety Gloves 14,46,EA,5372.42,247131.32,C100,0002,TAN,
100,5000000029,000010,MAT00072,Safety Gloves 18,4,EA,4653.69,18614.76,C100,0002,TAN,
100,5000000029,000020,MAT00063,Packing Tape 16,16,EA,712.7,11403.2,G100,0002,TAN,
100,5000000029,000030,MAT00047,Stretch Film 12,15,EA,576.7,8650.5,A100,0001,TAN,
100,5000000029,000040,MAT00022,Office Chair 6,35,EA,,211947.75,C100,0001,TAN,
100,5000000029,000050,MAT00055,Packing Tape 14,26,EA ,1124.03,29224.78,G100,0002,TAN,
100,5000000030,000010,MAT00012,Drill Bit Set 3,58,EA,4478.37,259745.46,A100,0001,TAN,
100,5000000031,000010,MAT00078,Filing Cabinet 20,11,EA,8351.06,91861.66,A100,0002,TAN,
100,5000000031,000020,MAT00031,Packing Tape 8,48,EA,160.3,7694.4,A100,0001,TAN,
100,5000000032,000010,MAT00074,Standing Desk 19,6,EA,5383.76,32302.56,C100,0003,TAN,
100,5000000032,000020,MAT00040,Drill Bit Set 10,19,EA,3644.43,69244.17,C100,0002,TAN,
100,5000000032,000030,MAT00054,Office Chair 14,38,EA,5322.96,202272.48,C100,0001,TAN,
100,5000000032,000040,mat00073,USB-C Dock 19,29,EA,5663.84,164251.36,C100,0002,TAN,
100,5000000033,000010,MAT00072,Safety Gloves 18,48,EA,4655.17,223448.16,A100,0002,TAN,
100,5000000033,000020,MAT00048,Safety Helmet 12,44,EA,1665.82,73296.08,G100,0003,TAN,
100,5000000034,000010,MAT00072,Safety Gloves 18,0,EA,3874.61,116238.3,A100,0003,TAN,
100,5000000034,000020,MAT00026,Filing Cabinet 7,55,EA,10439.43,574168.65,C100,0003,TAN,
100,5000000034,000030,MAT00056,Safety Gloves 14,14,EA,5727.13,80179.82,A100,0002,TAN,
100,5000000035,000010,MAT00056,Safety Gloves 14,24,Each,6093.5,146244.0,G100,0003,TAN,
100,5000000035,000020,MAT00023,Pallet 6,14,EA,1114.47,15602.58,G100,0002,TAN,
100,5000000035,000030,MAT00070,Meeting Table 18,56,ea,,274378.16,A100,0002,TAN,
100,5000000035,000040,MAT00014,Filing Cabinet 4,42,EA,11022.55,462947.1,A100,0003,TAN,
100,5000000036,000010,MAT00003 ,Packing Tape 1,19,EA,876.35,16650.65,A100,0003,TAN,
100,5000000036,000020,MAT00039,Carton Box 10,45,EA,315.05,14177.25,G100,0001,TAN,
100,5000000036,000030,MAT00030,Standing Desk 8,22,EA,6429.32,141445.04,G100,0002,TAN,
100,5000000037,000010,MAT00076,Industrial Lubricant 19,6,EA,2322.41,13934.46,G100,0001,TAN,
100,5000000037,000020,MAT00062,Office Chair 16,31,EA,15072.83,467257.73,C100,0002,TAN,
100,5000000037,000030,MAT00029,Wireless Keyboard 8,15,EA,27590.62,413859.3,A100,0001,TAN,
100,5000000037,000040,MAT00003,Packing Tape 1,30,EA,770.55,23116.5,C100,0003,TAN,
100,5000000037,000050,mat00063,Packing Tape 16,9,EA,640.24,5762.16,A100,0003,TAN,
100,5000000038,000010,MAT00070,Meeting Table 18,53,EA,5705.12,302371.36,G100,0002,TAN,
100,5000000038,000020,MAT00078,Filing Cabinet 20,5,EA,9249.69,46248.45,G100,0001,TAN,
100,5000000038,000030,MAT00012,Drill Bit Set 3,55,EA,4171.46,229430.3,c100,0003,TAN,
100,5000000038,000040,MAT00048,Safety Helmet 12,-1,EA,1954.74,5864.22,C100,0001,TAN,
100,5000000038,000050,MAT00014,Filing Cabinet 4,49,EA,11327.4,555042.6,G100,0001,TAN,
100,5000000039,000010,MAT00016,Safety Helmet 4,36,EA,263.98,9503.28,A100,0002,TAN,
100,5000000039,000020,MAT00053,USB-C Dock 14,20,EA,31949.78,638995.6,G100,0002,TAN,
100,5000000039,000030,MAT00023,Pallet 6,50,EA,1045.64,52282.0,A100,0002,TAN,
100,5000000039,000040,MAT00017,USB-C Dock 5,8,EA,3040.29,24322.32,A100,0003,TAN,
100,5000000040,000010,MAT00031,Packing Tape 8,49,ea,162.67,7970.83,C100,0002,TAN,
100,5000000041,000010,MAT00002,Desk Lamp 1,37,EA,7927.62,293321.94,A100,0003,TAN,
100,5000000041,000020,MAT00068,Safety Gloves 17,58,EA,6913.04,400956.32,A100,0002,TAN,
100,5000000041,000030,MAT00041,USB-C Dock 11,16,EA,14447.66,231162.56,C100,0003,TAN,
100,5000000041,000040,MAT00053,USB-C Dock 14,26,EA,35136.14,913539.64,G100,0002,TAN,
100,5000000042,000010,MAT00074,Standing Desk 19,25,EA ,5582.99,139574.75,G100,0003,TAN,
100,5000000043,000010,MAT00001,Barcode Scanner 1,32,EA,8987.83,431415.84,G100,0001,TAN,
100,5000000043,000020,MAT00060,Tool Kit 15,51,EA,1959.21,99919.71,A100,0003,TAN,
100,5000000043,000030,MAT00032,Safety Helmet 8,2,EA,325.14,650.28,G100,0001,TAN,
100,5000000043,000040,MAT00028,Safety Gloves 7,42,EA,6216.44,261090.48,A100,0001,TAN,
100,5000000043,000050,MAT00014,Filing Cabinet 4,38,EA,10608.09,322485.94,G100,0002,TAN,
100,5000000044,000010,MAT00006,Meeting Table 2,7,EA,13967.12,97769.84,A100,0001,TAN,
100,5000000044,000020,MAT00061,Business Monitor 16,53,EA,16166.32,856814.96,A100,0003,TAN,
100,5000000045,000010,MAT00052,Safety Helmet 13,54,EA,5369.99,289979.46,C100,0001,TAN,
100,5000000045,000020,MAT00041,USB-C Dock 11,55,EA,16082.83,884555.65,A100,0001,TAN,
100,5000000045,000030,MAT00058,Office Chair 15,17,EA,4148.75,70528.75,A100,0003,TAN,
100,5000000045,000040,MAT00060,Tool Kit 15,57,EA,1932.53,110154.21,A100,0002,TAN,
100,5000000046,000010,MAT00032,Safety Helmet 8,24,EA ,289.66,6951.84,C100,0002,TAN,
100,5000000046,000020,MAT00039,Carton Box 10,5,EA,365.09,1825.45,C100,0003,TAN,
100,5000000046,000030,MAT00080,Tool Kit 20,41,EA,2378.07,97500.87,G100,0002,TAN,
100,5000000046,000040,MAT00051,Bubble Wrap 13,16,EA,807.2,12915.2,A100,0003,TAN,
100,5000000046,000050,MAT00022,Office Chair 6,40,EA,7317.28,292691.2,C100,0003,TAN,
100,5000000047,000010,MAT00054,Office Chair 14,16,EA,5472.84,87565.44,C100,0002,TAN,
100,5000000047,000020,MAT00063,Packing Tape 16,7,EA,657.13,4599.91,G100,0002,TAN,
100,5000000047,000030,MAT00067,Stretch Film 17,39,EA,671.38,26183.82,C100,0001,TAN,
100,5000000048,000010,MAT00069,USB-C Dock 18,32,EA,35218.9,1127004.8,C100,0003,TAN,
100,5000000049,000010,MAT00008,Industrial Lubricant 2,36,EA ,6432.53,231571.08,C100,0002,TAN,
100,5000000050,000010,MAT00069,USB-C Dock 18,47,EA,35154.97,1652283.59,A100,0003,TAN,
100,5000000050,000020,MAT00068,Safety Gloves 17,27,EA,6997.6,188935.2,G100,0002,TAN,
100,5000000050,000030,MAT00026,Filing Cabinet 7,57,EA,10463.82,596437.74,G100,0001,TAN,
100,5000000051,000010,MAT00008,Industrial Lubricant 2,45,EA,6606.51,297292.95,C100,0002,TAN,
100,5000000051,000020,MAT00021,Business Monitor 6,60,EA,30609.76,1836585.6,C100,0003,TAN,
100,5000000051,000030,MAT00011,Bubble Wrap 3,-1,EA,33.63,1580.61,C100,0003,TAN,
100,5000000051,000040,MAT00051,Bubble Wrap 13,43,EA,908.99,39086.57,A100,0001,TAN,
100,5000000052,000010,MAT00003,Packing Tape 1,31,EA,-891.21,27627.51,A100,0003,TAN,
100,5000000052,000020,MAT00013,Business Monitor 4,2,EA,35581.14,71162.28,G100,0001,TAN,
100,5000000052,000030,MAT00005,USB-C Dock 2,20,EA,5350.53,107010.6,G100,0002,TAN,
100,5000000053,000010,MAT00064,Drill Bit Set 16,59,EA,3493.63,206124.17,C100,0003,TAN,
100,5000000053,000020,MAT00023,Pallet 6,53,EA,1179.88,62533.64,A100,0002,TAN,
100,5000000053,000030,MAT00048,Safety Helmet 12,41,EA,1847.52,75748.32,G100,0001,TAN,
100,5000000054,000010,MAT00032,Safety Helmet 8,5,EA,287.79,1438.95,A100,0001,TAN,
100,5000000054,000020,MAT00007,Stretch Film 2,55,PC,796.19,43790.45,A100,0003,TAN,
100,5000000054,000030, MAT00020,Tool Kit 5,35,EA,3510.56,122869.6,G100,0003,TAN,
100,5000000054,000040,MAT00012,Drill Bit Set 3,32,EA,4946.69,158294.08,C100,0001,TAN,
100,5000000055,000010,MAT00010,Office Chair 3,24,EA,,378643.44,G100,0001,TAN,
100,5000000055,000020,MAT00051,Bubble Wrap 13,44,EA,959.55,42220.2,A100,0003,TAN,
100,5000000056,000010,MAT00018,Filing Cabinet 5,47,EA,3422.42,160853.74,C100,0002,TAN,
100,5000000056,000020,MAT00015,Carton Box 4,48,EA,179.08,8595.84,G100,0001,TAN,
100,5000000057,000010,MAT00077,Business Monitor 20,23,EA,4318.48,99325.04,A100,0003,TAN,
100,5000000057,000020,MAT00026,Filing Cabinet 7,45,EA,9857.92,443606.4,C100,0003,TAN,
100,5000000057,000030,MAT00038,Office Chair 10,42,PC,4704.14,197573.88,A100,0003,TAN,
100,5000000058,000010,MAT00007,Stretch Film 2,30,EA,848.54,25456.2,C100,0003,TAN,
100,5000000058,000020,MAT00052,Safety Helmet 13,32,EA,6143.35,196587.2,G100,0001,TAN,
100,5000000058,000030,MAT00008,Industrial Lubricant 2,16,EA,6887.48,110199.68,G100,0001,TAN,
100,5000000059,000010,MAT00056,Safety Gloves 14,58,EA,-6071.69,352158.02,A100,0002,TAN,
100,5000000059,000020,MAT00039,Carton Box 10,29,EA,373.97,10845.13,C100,0002,TAN,
100,5000000059,000030,MAT00064,Drill Bit Set 16,43,Each,3046.0,130978.0,A100,0003,TAN,
100,5000000059,000040,MAT00045,Laptop 15 Inch 12,42,EA,11231.55,707587.65,C100,0001,TAN,
100,5000000060,000010,MAT00018,Filing Cabinet 5,59,EA,3275.69,193265.71,G100,0002,TAN,
100,5000000060,000020,MAT00077,Business Monitor 20,59,EA,4850.83,286198.97,G100,0002,TAN,
100,5000000060,000030,MAT00050,Filing Cabinet 13,12,EA,10345.19,124142.28,C100,0001,TAN,
100,5000000061,000010,MAT00027,Packing Tape 7,10,EA,877.21,8772.1,A100,0001,TAN,
100,5000000062,000010,MAT00036,Safety Gloves 9,12,EA,2920.41,35044.92,G100,0002,TAN,
100,5000000062,000020,MAT00068,Safety Gloves 17,51,EA,,309072.75,G100,0002,TAN,
100,5000000062,000030,MAT00004,Industrial Lubricant 1,37,EA,4814.77,178146.49,A100,0001,TAN,
100,5000000062,000040,MAT00066,Standing Desk 17,3,EA,4622.52,13867.56,A100,0002,TAN,
100,5000000063,000010,mat00038,Office Chair 10,60,EA,4574.67,274480.2,G100,0002,TAN,
100,5000000064,000010,MAT00015,Carton Box 4,59,EA,201.17,11869.03,C100,0002,TAN,
100,5000000064,000020,MAT00050,Filing Cabinet 13,35,EA,9579.81,335293.35,G100,0003,TAN,
100,5000000064,000030,MAT00057,Wireless Keyboard 15,41,EA,33974.61,1392959.01,G100,0003,TAN,
100,5000000065,000010,MAT00080,Tool Kit 20,20,EA,2624.58,52491.6,G100,0002,TAN,
100,5000000065,000020,MAT00014,Filing Cabinet 4,53,EA,11586.51,614085.03,A100,0001,TAN,
100,5000000065,000030,MAT00077,Business Monitor 20,31,EA,4220.72,130842.32,A100,0001,TAN,
100,5000000065,000040,MAT00049,Laptop 15 Inch 13,19,EA,13030.31,247575.89,C100,0002,TAN,
100,5000000065,000050,MAT00047,Stretch Film 12,60,EA,626.43,37585.8,G100,0003,TAN,
100,5000000066,000010,MAT00006,Meeting Table 2,41,EA,13387.71,548896.11,C100,0002,TAN,
100,5000000066,000020,MAT00060,Tool Kit 15,26,EA ,1834.84,47705.84,G100,0001,TAN,
100,5000000067,000010,MAT00059,Pallet 15,47,EA,266.19,12510.93,G100,0003,TAN,
100,5000000068,000010,MAT00027,Packing Tape 7,49,EA,781.35,38286.15,A100,0003,TAN,
100,5000000068,000020,MAT00025,Barcode Scanner 7,52,EA,19949.38,1037367.76,,0002,TAN,
100,5000000068,000030,MAT00001,Barcode Scanner 1,56,EA,10231.63,572971.28,G100,0002,TAN,
100,5000000069,000010,MAT00028,Safety Gloves 7,33,EA,5461.74,180237.42,C100,0001,TAN,
100,5000000069,000020,MAT00051,Bubble Wrap 13,32,EA,811.13,25956.16,G100,0002,TAN,
100,5000000069,000030,MAT00080,Tool Kit 20,20,EA,2629.56,52591.2,C100,0002,TAN,
100,5000000070,000010,MAT00024,Tool Kit 6,45,ea,726.32,32684.4,C100,0002,TAN,
100,5000000070,000020,MAT00064,Drill Bit Set 16,12,EA,3161.03,37932.36,C100,0002,TAN,
100,5000000070,000030,MAT00013,Business Monitor 4,5,EA,29092.62,145463.1,C100,0001,TAN,
100,5000000070,000040,MAT99999,Safety Helmet 8,17,EA,292.54,4973.18,G100,0003,TAN,
100,5000000071,000010,MAT00020,Tool Kit 5,6,EA,4267.47,25604.82,C100,0003,TAN,
100,5000000071,000020,MAT00005,USB-C Dock 2,18,EA,6542.93,117772.74,C100,0003,TAN,
100,5000000071,000030,MAT00019,Carton Box 5,5,Each,938.03,4690.15,G100,0003,TAN,
100,5000000071,000040,MAT00069,USB-C Dock 18,19,EA,34227.95,650331.05,C100,0002,TAN,
100,5000000072,000010,MAT00021,Business Monitor 6,24,EA,32365.6,776774.4,G100,0001,TAN,
100,5000000072,000020,MAT00006,Meeting Table 2,7,EA,12154.95,85084.65,C100,0003,TAN,
100,5000000072,000030,MAT00007 ,Stretch Film 2,52,EA,798.95,41545.4,G100,0003,TAN,
100,5000000072,000040,MAT99999,Business Monitor 16,59,EA,,830003.74,C100,0001,TAN,
100,5000000073,000010,MAT00024,Tool Kit 6,55,EA,727.69,40022.95,C100,0001,TAN,
100,5000000073,000020,MAT00040,Drill Bit Set 10,47,EA,3237.45,152160.15,A100,0003,TAN,
100,5000000073,000030, MAT00016,Safety Helmet 4,48,EA,274.87,13193.76,C100,0003,TAN,
100,5000000074,000010,mat00002,Desk Lamp 1,20,EA,6938.3,138766.0,C100,0002,TAN,
100,5000000074,000020,MAT00058,Office Chair 15,52,EA,4837.97,251574.44,C100,0002,TAN,
100,5000000074,000030, MAT00029,Wireless Keyboard 8,60,EA,33700.22,2022013.2,A100,0001,TAN,
100,5000000075,000010,MAT00016,Safety Helmet 4,6,EA,307.41,1844.46,A100,0002,TAN,
100,5000000075,000020,MAT00003,Packing Tape 1,12,EA,742.15,8905.8,G100,0003,TAN,
100,5000000075,000030,MAT00057,Wireless Keyboard 15,58,EA,31358.33,1818783.14,A100,0003,TAN,
100,5000000075,000040,MAT00010,Office Chair 3,14,EA,15852.42,221933.88,X999,0001,TAN,
100,5000000075,000050,MAT00013,Business Monitor 4,33,EA,34930.73,1152714.09,A100,0001,TAN,
100,5000000076,000010,MAT00006,Meeting Table 2,0,EA,13389.67,495417.79,G100,0002,TAN,
100,5000000077,000010, MAT00044,Tool Kit 11,9,EA,5979.39,53814.51,C100,0002,TAN,
100,5000000077,000020,MAT00076,Industrial Lubricant 19,5,EA,,11724.1,A100,0002,TAN,
100,5000000077,000030,MAT00047,Stretch Film 12,34,EA,623.55,21200.7,A100,0001,TAN,
100,5000000077,000040,MAT00038 ,Office Chair 10,46,EA,4743.83,218216.18,G100,0002,TAN,
100,5000000078,000010,MAT00002,Desk Lamp 1,47,EA,7050.91,331392.77,A100,0002,TAN,
100,5000000078,000020,MAT00014,Filing Cabinet 4,16,EA,9555.14,152882.24,G100,0001,TAN,
100,5000000078,000030,MAT00051,Bubble Wrap 13,3,EA,847.8,2543.4,C100,0003,TAN,
100,5000000079,000010,MAT00011,Bubble Wrap 3,40,EA,31.07,1242.8,A100,0002,TAN,
100,5000000080,000010,MAT00075,Carton Box 19,35,EA,868.63,30402.05,A100,0003,TAN,
100,5000000080,000020,MAT00015,Carton Box 4,54,EA,199.83,10790.82,G100,0001,TAN,
100,5000000080,000030,MAT00034,Desk Lamp 9,28,Each,10893.23,305010.44,A100,0001,TAN,
100,5000000080,000040,MAT00009,Business Monitor 3,40,EA,46646.02,1865840.8,G100,0003,TAN,
100,5000000080,000050,MAT00037,Business Monitor 10,31,EA,,374979.1,G100,0003,TAN,
100,5000000081,000010,mat00022,Office Chair 6,15,EA,7294.14,109412.1,G100,0001,TAN,
100,5000000081,000020,MAT00064,Drill Bit Set 16,49,EA,3219.62,157761.38,G100,0001,TAN,
100,5000000081,000030,MAT00025,Barcode Scanner 7,25,EA,18349.49,458737.25,C100,0001,TAN,
100,5000000081,000040,MAT00038,Office Chair 10,32,EA,4111.07,131554.24,G100,0002,TAN,
100,5000000082,000010,MAT00021,Business Monitor 6,29,EA,27555.94,799122.26,A100,0002,TAN,
100,5000000082,000020,MAT00065,Wireless Keyboard 17,2,EA,4888.18,9776.36,G100,0002,TAN,
100,5000000082,000030,MAT00014,Filing Cabinet 4,37,EA,10487.19,388026.03,G100,0003,TAN,
100,5000000083,000010,mat00026,Filing Cabinet 7,41,EA,10051.84,412125.44,C100,0001,TAN,
100,5000000083,000020,MAT00065,Wireless Keyboard 17,35,EA,4279.18,149771.3,A100,0002,TAN,
100,5000000083,000030,MAT00030,Standing Desk 8,21,EA,6002.66,126055.86,,0001,TAN,
100,5000000084,000010,MAT00005,USB-C Dock 2,44,EA,6222.05,273770.2,G100,0002,TAN,
100,5000000084,000020,MAT00079,Packing Tape 20,14,EA,50.7,709.8,,0002,TAN,
100,5000000084,000030,MAT00060,Tool Kit 15,56,PC,1829.01,102424.56,G100,0002,TAN,
100,5000000085,000010,MAT00073,USB-C Dock 19,16,EA,5607.17,89714.72,C100,0003,TAN,
100,5000000086,000010,MAT00023,Pallet 6,47,EA,1158.28,54439.16,C100,0002,TAN,
100,5000000086,000020,MAT00014,Filing Cabinet 4,52,EA,10635.12,553026.24,G100,0001,TAN,
100,5000000087,000010,MAT00059,Pallet 15,7,EA,248.94,1742.58,G100,0003,TAN,
100,5000000087,000020,MAT00021,Business Monitor 6,-1,EA,30152.61,874425.69,G100,0003,TAN,
100,5000000087,000030,MAT00022,Office Chair 6,21,EA,7507.63,157660.23,C100,0003,TAN,
100,5000000088,000010,MAT00046,Meeting Table 12,42,EA,16125.01,677250.42,C100,0002,TAN,
100,5000000088,000020,MAT00008,Industrial Lubricant 2,0,EA,6562.58,367504.48,G100,0003,TAN,
100,5000000089,000010, MAT00055,Packing Tape 14,17,EA,1229.83,20907.11,A100,0002,TAN,
100,5000000090,000010,MAT00069,USB-C Dock 18,3,EA,35434.55,106303.65,G100,0002,TAN,
100,5000000090,000020,MAT00063,Packing Tape 16,11,EA,665.83,7324.13,C100,0003,TAN,
100,5000000091,000010,MAT00069,USB-C Dock 18,18,EA,34364.99,618569.82,G100,0003,TAN,
100,5000000091,000020,MAT00073,USB-C Dock 19,30,EA,5902.24,177067.2,A100,0001,TAN,
100,5000000091,000030,MAT00052,Safety Helmet 13,59,EA,5437.32,320801.88,G100,0002,TAN,
100,5000000091,000040,MAT00072,Safety Gloves 18,-5,EA,3953.89,31631.12,G100,0003,TAN,
100,5000000092,000010,MAT00039,Carton Box 10,10,EA,348.36,3483.6,G100,0001,TAN,
100,5000000092,000020, MAT00066,Standing Desk 17,45,EA,4522.53,203513.85,A100,0002,TAN,
100,5000000092,000030,MAT00058,Office Chair 15,8,EA,4540.82,36326.56,C100,0002,TAN,
100,5000000092,000040,MAT00026,Filing Cabinet 7,3,EA,10773.3,32319.9,G100,0003,TAN,
100,5000000093,000010,MAT00020,Tool Kit 5,46,EA,-3568.34,164143.64,G100,0003,TAN,
100,5000000093,000020,MAT00013,Business Monitor 4,29,EA,31985.53,927580.37,C100,0001,TAN,
100,5000000093,000030,MAT00006,Meeting Table 2,14,EA,11651.96,163127.44,A100,0002,TAN,
100,5000000093,000040,MAT00022,Office Chair 6,11,EA,6304.07,69344.77,G100,0003,TAN,
100,5000000094,000010,MAT00014,Filing Cabinet 4,31,EA,10579.64,327968.84,C100,0001,TAN,
100,5000000094,000020,MAT99999,Stretch Film 2,58,EA,744.82,43199.56,A100,0002,TAN,
100,5000000094,000030,MAT00022,Office Chair 6,25,EA,6553.43,163835.75,C100,0001,TAN,
100,5000000094,000040,MAT00019,Carton Box 5,14,EA,-963.71,13491.94,G100,0001,TAN,
100,5000000095,000010,MAT00044,Tool Kit 11,39,EA,-5602.31,218490.09,G100,0003,TAN,
100,5000000095,000020,MAT00055,Packing Tape 14,7,EA,,7948.92,G100,0001,TAN,
100,5000000095,000030,MAT00037,Business Monitor 10,60,EA,13049.25,782955.0,G100,0001,TAN,
100,5000000096,000010,MAT00046,Meeting Table 12,60,EA,18472.72,1108363.2,C100,0001,TAN,
100,5000000096,000020,MAT00037,Business Monitor 10,59,EA,13853.49,817355.91,A100,0002,TAN,
100,5000000096,000030,MAT00001,Barcode Scanner 1,5,EA,9367.99,46839.95,C100,0003,TAN,
100,5000000096,000040,MAT00024,Tool Kit 6,56,EA,739.92,41435.52,G100,0003,TAN,
100,5000000096,000050,MAT00012,Drill Bit Set 3,-5,EA,5129.58,297515.64,C100,0002,TAN,
100,5000000097,000010,MAT00059,Pallet 15,33,EA,226.47,7473.51,A100,0001,TAN,
100,5000000098,000010,MAT00044,Tool Kit 11,8,EA,5429.69,43437.52,G100,0003,TAN,
100,5000000098,000020,MAT00028,Safety Gloves 7,52,EA,5960.72,309957.44,A100,0002,TAN,
100,5000000099,000010,MAT00032,Safety Helmet 8,28,EA,267.86,7500.08,G100,0003,TAN,
100,5000000099,000020,MAT00049,Laptop 15 Inch 13,17,EA,13421.9,228172.3,G100,0002,TAN,
100,5000000100,000010,MAT00028,Safety Gloves 7,29,EA,5708.3,165540.7,C100,0001,TAN,
100,5000000100,000020,MAT00021,Business Monitor 6,17,EA,32594.6,554108.2,C100,0001,TAN,
100,5000000100,000030,MAT00041,USB-C Dock 11,13,EA,16158.36,210058.68,G100,0002,TAN,
100,5000000100,000040,MAT00012,Drill Bit Set 3,55,EA,4728.99,260094.45,A100,0002,TAN,
100,5000000101,000010,MAT00017,USB-C Dock 5,52,EA,3178.88,165301.76,G100,0003,TAN,
100,5000000101,000020,MAT00037,Business Monitor 10,37,Each,12756.52,471991.24,C100,0002,TAN,
100,5000000102,000010,MAT00061,Business Monitor 16,23,EA,13677.18,314575.14,A100,0001,TAN,
100,5000000102,000020,MAT00075,Carton Box 19,16,EA,903.79,14460.64,A100,0001,TAN,
100,5000000102,000030,MAT00029,Wireless Keyboard 8,20,EA,29636.85,592737.0,G100,0002,TAN,
100,5000000102,000040,MAT00074,Standing Desk 19,54,Each,6381.76,344615.04,C100,0002,TAN,
100,5000000103,000010,MAT00059,Pallet 15,22,EA,260.15,5723.3,A100,0003,TAN,
100,5000000103,000020,MAT00024,Tool Kit 6,18,EA,722.68,13008.24,C100,0001,TAN,
100,5000000104,000010,MAT00058,Office Chair 15,22,EA,4241.73,93318.06,G100,0001,TAN,
100,5000000104,000020,MAT00009,Business Monitor 3,33,EA,40551.78,1338208.74,A100,0002,TAN,
100,5000000104,000030,MAT00073,USB-C Dock 19,58,EA,6224.92,361045.36,C100,0003,TAN,
100,5000000104,000040,MAT00072,Safety Gloves 18,8,EA,4033.19,32265.52,G100,0002,TAN,
100,5000000104,000050,MAT00070,Meeting Table 18,26,EA,5503.04,143079.04,A100,0002,TAN,
100,5000000105,000010,MAT00026,Filing Cabinet 7,0,EA,10994.48,87955.84,G100,0001,TAN,
100,5000000105,000020,MAT00062,Office Chair 16,29,EA,15042.35,436228.15,A100,0002,TAN,
100,5000000106,000010,MAT00010,Office Chair 3,7,EA,15091.15,105638.05,A100,0001,TAN,
100,5000000106,000020,MAT00054,Office Chair 14,12,EA,4827.28,57927.36,C100,0001,TAN,
100,5000000106,000030,MAT00003,Packing Tape 1,49,EA,874.57,42853.93,A100,0002,TAN,
100,5000000106,000040,MAT00047,Stretch Film 12,40,EA,611.73,24469.2,C100,0002,TAN,
100,5000000106,000050,MAT00063,Packing Tape 16,11,EA,643.56,7079.16,A100,0001,TAN,
100,5000000107,000010,MAT00046,Meeting Table 12,17,EA,18015.54,306264.18,A100,0001,TAN,
100,5000000108,000010,MAT00055,Packing Tape 14,36,EA,1146.94,41289.84,A100,0001,TAN,
100,5000000108,000020,MAT00039,Carton Box 10,32,EA,349.29,11177.28,G100,0001,TAN,
100,5000000108,000030,MAT00031,Packing Tape 8,24,EA,145.58,3493.92,G100,0003,TAN,
100,5000000109,000010,MAT00025,Barcode Scanner 7,22,EA,20569.3,452524.6,C100,0002,TAN,
100,5000000109,000020,MAT00054,Office Chair 14,54,EA,,268378.92,A100,0001,TAN,
100,5000000109,000030,MAT00021,Business Monitor 6,37,EA,30390.04,1124431.48,C100,0002,TAN,
100,5000000109,000040,MAT00071,Pallet 18,-1,EA,904.56,47941.68,A100,0003,TAN,
100,5000000110,000010,MAT00010,Office Chair 3,55,EA,14845.16,816483.8,G100,0001,TAN,
100,5000000110,000020,MAT00021,Business Monitor 6,58,ea,30778.73,1785166.34,C100,0002,TAN,
100,5000000111,000010,MAT00075,Carton Box 19,33,EA,-775.65,25596.45,G100,0001,TAN,
100,5000000111,000020,MAT00080,Tool Kit 20,4,EA,2804.38,11217.52,A100,0001,TAN,
100,5000000112,000010,MAT00067,Stretch Film 17,12,EA,708.55,8502.6,A100,0002,TAN,
100,5000000112,000020,MAT00035,Carton Box 9,50,EA,270.64,13532.0,C100,0003,TAN,
100,5000000112,000030,MAT00024,Tool Kit 6,20,Each,742.5,14850.0,G100,0001,TAN,
100,5000000113,000010,MAT99999,Laptop 15 Inch 13,57,EA,11782.65,671611.05,A100,0003,TAN,
100,5000000113,000020,MAT00064,Drill Bit Set 16,58,EA,3145.14,145934.5,G100,0002,TAN,
100,5000000113,000030,MAT00004,Industrial Lubricant 1,39,EA,4601.75,179468.25,C100,0003,TAN,
100,5000000113,000040,MAT00057,Wireless Keyboard 15,9,EA,37625.9,338633.1,C100,0001,TAN,
100,5000000113,000050,MAT00043,Carton Box 11,25,EA ,577.19,14429.75,A100,0003,TAN,
100,5000000114,000010,MAT00060,Tool Kit 15,18,EA,2216.75,39901.5,C100,0001,TAN,
100,5000000114,000020,MAT00055,Packing Tape 14,1,EA,,1297.63,A100,0001,TAN,
100,5000000114,000030,MAT00052,Safety Helmet 13,40,EA,5841.12,233644.8,A100,0003,TAN,
100,5000000115,000010,MAT00032,Safety Helmet 8,-5,EA,291.7,13126.5,A100,0002,TAN,
100,5000000115,000020,MAT00002,Desk Lamp 1,59,EA,,404180.68,G100,0002,TAN,
100,5000000115,000030,MAT00023,Pallet 6,9,EA,1097.87,9880.83,G100,0002,TAN,
100,5000000115,000040,MAT00022,Office Chair 6,23,EA,7504.77,172609.71,A100,0002,TAN,
100,5000000115,000050,MAT00043,Carton Box 11,50,EA,678.22,40693.2,C100,0003,TAN,
100,5000000116,000010,MAT00071,Pallet 18,40,EA,866.69,34667.6,C100,0001,TAN,
100,5000000116,000020,MAT00019,Carton Box 5,27,EA,809.44,21854.88,G100,0003,TAN,
100,5000000116,000030, MAT00007,Stretch Film 2,12,EA,736.12,8833.44,C100,0001,TAN,
100,5000000117,000010,MAT00053,USB-C Dock 14,27,EA,36587.76,987869.52,G100,0002,TAN,
100,5000000117,000020,MAT00026,Filing Cabinet 7,20,EA,9375.18,187503.6,G100,0001,TAN,
100,5000000117,000030,MAT00038,Office Chair 10,31,EA,3996.86,123902.66,C100,0002,TAN,
100,5000000117,000040,MAT00049,Laptop 15 Inch 13,16,EA,13013.71,208219.36,G100,0002,TAN,
100,5000000118,000010,MAT00050,Filing Cabinet 13,25,EA,11396.43,227928.6,A100,0003,TAN,
100,5000000118,000020,MAT00002,Desk Lamp 1,2,EA,8366.68,16733.36,C100,0001,TAN,
100,5000000118,000030,mat00058,Office Chair 15,-5,EA,4683.83,145198.73,A100,0002,TAN,
100,5000000118,000040,MAT00056,Safety Gloves 14,27,EA,5652.41,152615.07,A100,0003,TAN,
100,5000000118,000050,MAT00012,Drill Bit Set 3,6,EA,4867.62,29205.72,C100,0003,TAN,
100,5000000119,000010,MAT00047,Stretch Film 12,43,EA,,27420.67,A100,0001,TAN,
100,5000000119,000020,MAT00040,Drill Bit Set 10,43,EA,3279.99,141039.57,C100,0001,TAN,
100,5000000120,000010,MAT00080,Tool Kit 20,49,EA,2700.96,132347.04,G100,0001,TAN,
100,5000000120,000020,MAT00051,Bubble Wrap 13,30,EA,947.26,28417.8,G100,0001,TAN,
100,5000000120,000030,MAT00023,Pallet 6,46,EA,965.04,44391.84,A100,0001,TAN,
100,5000000120,000040,MAT00021,Business Monitor 6,20,ea,30583.68,489338.88,C100,0001,TAN,
100,5000000120,000050,MAT00026,Filing Cabinet 7,31,EA,9663.02,299553.62,C100,0003,TAN,
100,5000000121,000010,MAT00079,Packing Tape 20,43,EA,59.94,2577.42,C100,0003,TAN,
100,5000000121,000020,MAT00009,Business Monitor 3,49,EA,40622.89,1990521.61,G100,0002,TAN,
100,5000000121,000030,MAT00046,Meeting Table 12,49,EA,16196.63,793634.87,A100,0003,TAN,
100,5000000122,000010,MAT00001,Barcode Scanner 1,25,EA,9801.02,245025.5,C100,0003,TAN,
100,5000000123,000010,MAT00065,Wireless Keyboard 17,49,EA,4551.07,223002.43,A100,0003,TAN,
100,5000000123,000020,MAT00043 ,Carton Box 11,21,EA,674.64,14167.44,G100,0001,TAN,
100,5000000123,000030,MAT00026,Filing Cabinet 7,24,EA,10297.6,247142.4,C100,0002,TAN,
100,5000000123,000040,MAT00068,Safety Gloves 17,33,EA,7044.1,185964.24,A100,0002,TAN,
100,5000000123,000050,MAT00017,USB-C Dock 5,34,EA,2822.28,95957.52,C100,0001,TAN,
100,5000000124,000010,MAT00044,Tool Kit 11,12,EA,5626.4,67516.8,G100,0003,TAN,
100,5000000124,000020,MAT00055,Packing Tape 14,36,ea,1310.32,47171.52,X999,0002,TAN,
100,5000000124,000030,MAT00037,Business Monitor 10,37,EA,13669.38,505767.06,A100,0001,TAN,
100,5000000125,000010,MAT00059,Pallet 15,32,EA,228.42,7309.44,C100,0002,TAN,
100,5000000125,000020,MAT00046,Meeting Table 12,16,EA,15902.89,254446.24,C100,0003,TAN,
100,5000000125,000030,MAT00010,Office Chair 3,25,EA,16702.22,417555.5,C100,0002,TAN,
100,5000000126,000010,MAT99999,Pallet 6,22,EA,1178.27,25921.94,A100,0001,TAN,
100,5000000126,000020,MAT00031,Packing Tape 8,32,EA,164.45,5262.4,G100,0001,TAN,
100,5000000126,000030,mat00018,Filing Cabinet 5,12,EA,3451.03,41412.36,G100,0003,TAN,
100,5000000126,000040,MAT00054,Office Chair 14,14,EA,5277.78,73888.92,A100,0003,TAN,
100,5000000127,000010,MAT00010,Office Chair 3,54,EA,15534.53,838864.62,G100,0001,TAN,
100,5000000127,000020,MAT00015,Carton Box 4,20,EA,199.87,3997.4,C100,0001,TAN,
100,5000000127,000030,MAT00033,Business Monitor 9,-5,EA,26576.83,744151.24,C100,0002,TAN,
100,5000000127,000040,MAT00069,USB-C Dock 18,56,EA,34096.95,1909429.2,C100,0001,TAN,
100,5000000128,000010,MAT00051,Bubble Wrap 13,6,EA,814.17,4885.02,G100,0003,TAN,
100,5000000128,000020,MAT00054,Office Chair 14,46,EA,4882.32,224586.72,C100,0003,TAN,
100,5000000129,000010,MAT00061,Business Monitor 16,15,EA,15124.62,226869.3,A100,0001,TAN,
100,5000000129,000020, MAT00028,Safety Gloves 7,39,EA,6333.26,246997.14,G100,0002,TAN,
100,5000000129,000030,MAT00006,Meeting Table 2,31,EA,12228.5,379083.5,A100,0003,TAN,
100,5000000129,000040,MAT00034,Desk Lamp 9,19,EA,9547.93,181410.67,C100,0001,TAN,
100,5000000129,000050,MAT00024,Tool Kit 6,32,EA,699.59,22386.88,G100,0003,TAN,
100,5000000130,000010,MAT00026,Filing Cabinet 7,29,EA,10870.97,315258.13,,0001,TAN,
100,5000000130,000020,MAT00048,Safety Helmet 12,35,EA,1850.96,64783.6,G100,0003,TAN,
100,5000000130,000030,MAT00075,Carton Box 19,50,EA,939.66,46983.0,G100,0001,TAN,
100,5000000131,000010,MAT00059,Pallet 15,18,EA,252.05,4536.9,G100,0001,TAN,
100,5000000131,000020,MAT00053,USB-C Dock 14,25,EA,33086.35,827158.75,G100,0003,TAN,
100,5000000131,000030,MAT00071,Pallet 18,48,EA,893.75,42900.0,G100,0003,TAN,
100,5000000132,000010,MAT00017,USB-C Dock 5,59,EA,3002.41,177142.19,G100,0002,TAN,
100,5000000132,000020,MAT00005,USB-C Dock 2,26,EA,5888.09,153090.34,C100,0001,TAN,
100,5000000132,000030,MAT00019,Carton Box 5,23,PC,939.14,21600.22,A100,0003,TAN,
100,5000000132,000040,MAT00006,Meeting Table 2,9,EA,14132.56,127193.04,G100,0003,TAN,
100,5000000133,000010,MAT00020,Tool Kit 5,52,EA,3807.57,197993.64,G100,0002,TAN,
100,5000000133,000020,MAT00044,Tool Kit 11,6,EA,5531.59,33189.54,c100,0001,TAN,
100,5000000134,000010,MAT00042,Desk Lamp 11,58,EA,4135.67,239868.86,C100,0002,TAN,
100,5000000135,000010,MAT00037,Business Monitor 10,60,EA,12434.68,746080.8,C100,0001,TAN,
100,5000000136,000010,MAT00047,Stretch Film 12,52,EA,679.51,35334.52,C100,0001,TAN,
100,5000000137,000010,MAT00004,Industrial Lubricant 1,10,EA,4150.91,41509.1,A100,0001,TAN,
100,5000000137,000020,MAT00078,Filing Cabinet 20,-5,EA,9018.8,99206.8,C100,0003,TAN,
100,5000000137,000030,MAT00068,Safety Gloves 17,6,EA,7088.46,42530.76,A100,0001,TAN,
100,5000000138,000010,MAT00080,Tool Kit 20,58,EA,2451.14,142166.12,C100,0001,TAN,
100,5000000138,000020,MAT00014,Filing Cabinet 4,60,EA,-10244.01,737568.72,G100,0002,TAN,
100,5000000138,000030,MAT00060,Tool Kit 15,40,EA,1927.43,77097.2,c100,0003,TAN,
100,5000000139,000010,MAT00047,Stretch Film 12,36,EA,624.03,22465.08,G100,0001,TAN,
100,5000000140,000010,MAT00054,Office Chair 14,42,Each,5191.9,218059.8,G100,0002,TAN,
100,5000000140,000020,MAT00007,Stretch Film 2,49,EA,765.52,37510.48,C100,0003,TAN,
100,5000000140,000030,MAT00029,Wireless Keyboard 8,13,EA,28965.76,376554.88,C100,0003,TAN,
100,5000000140,000040,MAT00062,Office Chair 16,6,EA,17024.02,102144.12,G100,0002,TAN,
100,5000000141,000010,MAT00011,Bubble Wrap 3,41,EA,32.36,1326.76,A100,0002,TAN,
100,5000000141,000020,MAT00067,Stretch Film 17,55,EA,728.76,40081.8,C100,0001,TAN,
100,5000000141,000030,MAT00010,Office Chair 3,28,EA,17025.39,476710.92,G100,0003,TAN,
100,5000000141,000040,MAT00051,Bubble Wrap 13,35,EA,841.11,29438.85,A100,0003,TAN,
100,5000000141,000050,MAT00036 ,Safety Gloves 9,54,EA,2696.98,145636.92,G100,0001,TAN,
100,5000000142,000010,MAT00014,Filing Cabinet 4,14,EA,10643.33,149006.62,A100,0003,TAN,
100,5000000142,000020,MAT00060,Tool Kit 15,12,EA,1971.96,23663.52,A100,0001,TAN,
100,5000000143,000010,MAT00002,Desk Lamp 1,8,EA,7583.73,60669.84,G100,0002,TAN,
100,5000000143,000020,MAT00039,Carton Box 10,7,EA,349.49,1957.14,G100,0003,TAN,
100,5000000143,000030,MAT00019,Carton Box 5,34,EA,898.98,30565.32,A100,0003,TAN,
100,5000000143,000040,MAT00030,Standing Desk 8,48,EA,6255.94,300285.12,C100,0002,TAN,
100,5000000144,000010,MAT00027,Packing Tape 7,31,EA,876.57,27173.67,C100,0001,TAN,
100,5000000144,000020,MAT00080,Tool Kit 20,36,EA,2925.1,105303.6,A100,0001,TAN,
100,5000000144,000030,MAT00017,USB-C Dock 5,0,EA,2879.38,31673.18,G100,0001,TAN,
100,5000000144,000040,MAT00059,Pallet 15,25,EA,,5726.5,G100,0002,TAN,
100,5000000144,000050,MAT00034,Desk Lamp 9,23,EA,11077.55,254783.65,A100,0002,TAN,
100,5000000145,000010,MAT00025,Barcode Scanner 7,21,EA,,410005.26,A100,0002,TAN,
100,5000000146,000010,MAT00023,Pallet 6,7,EA,1181.88,8273.16,C100,0003,TAN,
100,5000000147,000010,MAT00005,USB-C Dock 2,3,EA,5361.82,16085.46,A100,0002,TAN,
100,5000000148,000010,MAT00007,Stretch Film 2,16,EA,839.18,13426.88,C100,0002,TAN,
100,5000000148,000020,MAT00057,Wireless Keyboard 15,58,EA,36179.34,2098401.72,G100,0001,TAN,
100,5000000149,000010,MAT00001,Barcode Scanner 1,38,EA,9583.45,364171.1,C100,0001,TAN,
100,5000000149,000020,MAT00010,Office Chair 3,19,EA,15643.72,445846.02,A100,0001,TAN,
100,5000000149,000030,MAT00039,Carton Box 10,34,EA,313.2,10648.8,G100,0002,TAN,
100,5000000150,000010,MAT00056,Safety Gloves 14,3,EA,5326.74,15980.22,G100,0003,TAN,
100,5000000151,000010,MAT00021,Business Monitor 6,7,EA,27401.75,191812.25,G100,0002,TAN,
100,5000000152,000010,MAT00031,Packing Tape 8,1,EA,146.08,146.08,A100,0001,TAN,
100,5000000152,000020,MAT00045,Laptop 15 Inch 12,46,EA,11761.25,541017.5,A100,0003,TAN,
100,5000000153,000010,MAT00038,Office Chair 10,57,EA,4003.45,228196.65,G100,0002,TAN,
100,5000000153,000020,MAT00037,Business Monitor 10,35,EA,12647.92,442677.2,G100,0003,TAN,
100,5000000154,000010,MAT00023,Pallet 6,12,EA,1048.0,12576.0,G100,0003,TAN,
100,5000000154,000020,MAT00065,Wireless Keyboard 17,48,EA,4831.15,231895.2,A100,0002,TAN,
100,5000000154,000030,MAT00019,Carton Box 5,18,EA,868.56,15634.08,A100,0002,TAN,
100,5000000154,000040,MAT00052,Safety Helmet 13,8,EA,5354.96,42839.68,G100,0001,TAN,
100,5000000154,000050,MAT00058,Office Chair 15,42,EA,4304.73,180798.66,C100,0002,TAN,
100,5000000155,000010,MAT00014,Filing Cabinet 4,32,EA,10001.68,320053.76,A100,0002,TAN,
100,5000000156,000010,MAT00015,Carton Box 4,32,EA,181.6,5811.2,A100,0002,TAN,
100,5000000157,000010,MAT00005,USB-C Dock 2,9,EA,-6311.15,56800.35,C100,0001,TAN,
100,5000000158,000010,MAT00069,USB-C Dock 18,39,EA,31064.16,1211502.24,C100,0001,TAN,
100,5000000158,000020,MAT00078,Filing Cabinet 20,58,EA,8739.99,506919.42,G100,0003,TAN,
100,5000000158,000030,MAT00046,Meeting Table 12,48,EA,18169.83,872151.84,G100,0001,TAN,
100,5000000159,000010,MAT00077,Business Monitor 20,39,ea,4218.93,164538.27,C100,0001,TAN,
100,5000000159,000020,MAT00067,Stretch Film 17,-1,EA,759.1,9868.3,C100,0001,TAN,
100,5000000159,000030,MAT00026,Filing Cabinet 7,60,EA,10347.14,620828.4,C100,0002,TAN,
100,5000000159,000040,MAT00064,Drill Bit Set 16,10,EA,3131.02,31310.2,A100,0002,TAN,
100,5000000160,000010,MAT00045,Laptop 15 Inch 12,25,EA,11017.54,275438.5,G100,0001,TAN,
100,5000000161,000010,MAT00033,Business Monitor 9,33,EA,27245.0,899085.0,C100,0002,TAN,
100,5000000162,000010,MAT00070,Meeting Table 18,57,EA,5647.96,321933.72,G100,0002,TAN,
100,5000000162,000020,MAT00040,Drill Bit Set 10,35,EA,3202.55,112089.25,A100,0003,TAN,
100,5000000162,000030,MAT00080,Tool Kit 20,35,EA,2827.84,98974.4,A100,0001,TAN,
100,5000000162,000040,MAT00003,Packing Tape 1,27,EA,810.44,21881.88,G100,0003,TAN,
100,5000000163,000010,MAT00015,Carton Box 4,51,EA,182.46,9305.46,G100,0003,TAN,
100,5000000163,000020,MAT00020,Tool Kit 5,32,EA,4050.86,129627.52,A100,0002,TAN,
100,5000000164,000010,MAT00078,Filing Cabinet 20,18,EA,8768.41,157831.38,C100,0002,TAN,
100,5000000164,000020,MAT00022,Office Chair 6,24,EA,7201.19,172828.56,C100,0002,TAN,
100,5000000164,000030,MAT00076,Industrial Lubricant 19,44,EA,-1951.42,85862.48,A100,0001,TAN,
100,5000000165,000010,MAT00001,Barcode Scanner 1,48,EA,9601.84,460888.32,G100,0001,TAN,
100,5000000165,000020,MAT00069,USB-C Dock 18,27,EA,30852.48,833016.96,C100,0002,TAN,
100,5000000165,000030,MAT00055,Packing Tape 14,50,EA,1301.2,65060.0,C100,0002,TAN,
100,5000000165,000040,MAT00040,Drill Bit Set 10,60,EA,3290.67,197440.2,C100,0002,TAN,
100,5000000165,000050,MAT00080 ,Tool Kit 20,55,EA,2428.49,133566.95,G100,0003,TAN,
100,5000000166,000010,MAT00029,Wireless Keyboard 8,55,EA,31695.12,1743231.6,C100,0002,TAN,
100,5000000166,000020,MAT00026,Filing Cabinet 7,51,EA,9693.69,494378.19,C100,0002,TAN,
100,5000000166,000030,MAT00032,Safety Helmet 8,52,EA,286.74,14910.48,A100,0001,TAN,
100,5000000167,000010,MAT00058,Office Chair 15,45,EA,4774.25,257809.5,X999,0001,TAN,
100,5000000167,000020,MAT00025,Barcode Scanner 7,48,EA,22452.64,1077726.72,G100,0001,TAN,
100,5000000167,000030,MAT00030,Standing Desk 8,6,EA,5251.43,31508.58,G100,0001,TAN,
100,5000000168,000010,MAT00022,Office Chair 6,37,EA,6087.58,225240.46,G100,0003,TAN,
100,5000000168,000020,MAT00067,Stretch Film 17,42,EA,660.38,27735.96,A100,0003,TAN,
100,5000000168,000030, MAT00045,Laptop 15 Inch 12,15,EA,12298.7,184480.5,A100,0001,TAN,
100,5000000168,000040,MAT00009,Business Monitor 3,2,EA,42414.54,84829.08,C100,0002,TAN,
100,5000000169,000010,MAT00068,Safety Gloves 17,22,EA,6321.99,139083.78,A100,0003,TAN,
100,5000000169,000020,MAT00030,Standing Desk 8,42,EA,6355.59,266934.78,G100,0002,TAN,
100,5000000169,000030,MAT00058,Office Chair 15,60,EA,4150.73,249043.8,C100,0001,TAN,
100,5000000170,000010,MAT00080,Tool Kit 20,26,EA,2436.49,63348.74,C100,0002,TAN,
100,5000000170,000020,MAT00033,Business Monitor 9,33,EA,25760.91,850110.03,G100,0001,TAN,
100,5000000170,000030,MAT00061,Business Monitor 16,43,EA,15735.96,676646.28,A100,0001,TAN,
100,5000000171,000010,MAT00035,Carton Box 9,8,EA,265.49,2123.92,C100,0003,TAN,
100,5000000171,000020,MAT00012,Drill Bit Set 3,16,EA,5161.99,82591.84,A100,0001,TAN,
100,5000000171,000030,MAT00022,Office Chair 6,48,EA,6218.42,298484.16,A100,0001,TAN,
100,5000000171,000040,MAT00058,Office Chair 15,22,EA,4101.4,90230.8,C100,0002,TAN,
100,5000000171,000050,MAT00054,Office Chair 14,4,EA,4916.44,19665.76,C100,0003,TAN,
100,5000000172,000010,MAT00078,Filing Cabinet 20,45,EA,8972.62,403767.9,A100,0003,TAN,
100,5000000172,000020,MAT00017 ,USB-C Dock 5,19,EA,-2624.82,49871.58,G100,0001,TAN,
100,5000000173,000010,MAT00077,Business Monitor 20,57,EA,4071.69,232086.33,C100,0002,TAN,
100,5000000173,000020,MAT00023,Pallet 6,10,EA,1057.66,10576.6,A100,0003,TAN,
100,5000000173,000030, MAT00020,Tool Kit 5,56,EA,3950.01,265440.67,G100,0003,TAN,
100,5000000173,000040,MAT00040,Drill Bit Set 10,53,EA,3408.85,180669.05,C100,0002,TAN,
100,5000000173,000050,MAT00005 ,USB-C Dock 2,26,EA,5785.8,150430.8,A100,0003,TAN,
100,5000000174,000010,MAT00066,Standing Desk 17,27,Each,4714.87,127301.49,A100,0001,TAN,
100,5000000174,000020,MAT00042,Desk Lamp 11,59,EA,3907.37,184427.86,A100,0001,TAN,
100,5000000174,000030,MAT00058,Office Chair 15,8,EA,4467.96,35743.68,C100,0001,TAN,
100,5000000174,000040,MAT00051 ,Bubble Wrap 13,31,EA,983.0,30473.0,G100,0003,TAN,
100,5000000174,000050,MAT00070,Meeting Table 18,48,EA,5258.07,252387.36,A100,0003,TAN,
100,5000000175,000010,MAT00010,Office Chair 3,29,EA,,424390.93,C100,0002,TAN,
100,5000000175,000020,MAT00039 ,Carton Box 10,60,EA,357.08,21424.8,A100,0002,TAN,
100,5000000176,000010,MAT00048,Safety Helmet 12,16,EA,1721.0,27536.0,G100,0003,TAN,
100,5000000176,000020,MAT00018,Filing Cabinet 5,39,EA,,119058.81,G100,0003,TAN,
100,5000000176,000030,MAT99999,Drill Bit Set 16,29,EA,3025.28,87733.12,C100,0002,TAN,
100,5000000176,000040,MAT00007,Stretch Film 2,35,EA,824.44,28855.4,A100,0001,TAN,
100,5000000176,000050,MAT00009,Business Monitor 3,-1,EA,42227.2,42227.2,G100,0001,TAN,
100,5000000177,000010,MAT00031,Packing Tape 8,31,EA,147.38,4568.78,C100,0001,TAN,
100,5000000177,000020,MAT00020,Tool Kit 5,41,EA,3993.95,163751.95,A100,0003,TAN,
100,5000000178,000010,MAT00079,Packing Tape 20,0,EA,58.51,819.14,G100,0002,TAN,
100,5000000178,000020,MAT00009 ,Business Monitor 3,42,EA,44377.16,1863840.72,A100,0002,TAN,
100,5000000178,000030,MAT00042,Desk Lamp 11,12,EA,4087.12,49045.44,G100,0002,TAN,
100,5000000178,000040,MAT00056,Safety Gloves 14,58,EA,5365.04,311172.32,C100,0001,TAN,
100,5000000178,000050,MAT00049,Laptop 15 Inch 13,3,Each,12310.27,36930.81,C100,0002,TAN,
100,5000000179,000010,MAT00071,Pallet 18,55,EA,867.21,47696.55,C100,0003,TAN,
100,5000000179,000020,MAT00080,Tool Kit 20,30,EA,2621.65,78649.5,C100,0003,TAN,
100,5000000179,000030,MAT00079,Packing Tape 20,29,EA,55.11,1598.19,C100,0002,TAN,
100,5000000180,000010,MAT00055,Packing Tape 14,36,EA,1234.75,44451.0,C100,0002,TAN,
100,5000000180,000020,MAT00068,Safety Gloves 17,52,EA,6674.28,347062.56,A100,0002,TAN,
100,5000000180,000030,MAT00030,Standing Desk 8,44,EA,5266.49,231725.56,C100,0002,TAN,
100,5000000181,000010,MAT00031,Packing Tape 8,-1,EA,142.76,285.52,C100,0003,TAN,
100,5000000181,000020,MAT00079,Packing Tape 20,6,EA,50.07,300.42,C100,0003,TAN,
100,5000000181,000030,MAT00048,Safety Helmet 12,4,EA,1686.91,6747.64,A100,0002,TAN,
100,5000000182,000010,MAT00042,Desk Lamp 11,41,EA,4245.52,174066.32,A100,0002,TAN,
100,5000000183,000010,MAT00041,USB-C Dock 11,33,EA,16877.16,556946.28,C100,0002,TAN,
100,5000000183,000020,MAT00039,Carton Box 10,14,EA,341.11,4775.54,A100,0003,TAN,
100,5000000183,000030,MAT00014,Filing Cabinet 4,11,EA,11197.55,123173.05,A100,0001,TAN,
100,5000000184,000010,MAT00074,Standing Desk 19,58,EA,5803.3,336591.4,G100,0002,TAN,
100,5000000184,000020,MAT00062,Office Chair 16,8,EA,15934.91,127479.28,A100,0001,TAN,
100,5000000184,000030,MAT00079,Packing Tape 20,41,EA,52.96,2171.36,G100,0003,TAN,
100,5000000184,000040,mat00036,Safety Gloves 9,54,EA,3121.09,168538.86,G100,0001,TAN,
100,5000000184,000050,MAT00048,Safety Helmet 12,6,EA,1977.97,11867.82,A100,0002,TAN,
100,5000000185,000010,MAT00071,Pallet 18,57,EA,872.13,49711.41,A100,0002,TAN,
100,5000000185,000020,MAT00011,Bubble Wrap 3,21,EA,28.07,589.47,C100,0002,TAN,
100,5000000186,000010,MAT00064,Drill Bit Set 16,19,EA,3409.03,64771.57,C100,0001,TAN,
100,5000000187,000010,MAT00003,Packing Tape 1,59,EA,870.96,51386.64,G100,0002,TAN,
100,5000000187,000020,MAT00019,Carton Box 5,46,EA,992.1,45636.6,C100,0003,TAN,
100,5000000188,000010,MAT00048,Safety Helmet 12,34,EA,1908.7,64895.8,A100,0001,TAN,
100,5000000188,000020,MAT00025,Barcode Scanner 7,44,EA,21396.14,941430.16,A100,0003,TAN,
100,5000000189,000010,MAT00002,Desk Lamp 1,22,EA,7938.19,174640.18,G100,0002,TAN,
100,5000000189,000020,MAT00072,Safety Gloves 18,55,EA,3877.02,213236.1,A100,0002,TAN,
100,5000000189,000030,MAT00062,Office Chair 16,8,EA,16039.53,128316.24,C100,0001,TAN,
100,5000000190,000010,MAT00051,Bubble Wrap 13,19,EA,914.71,17379.49,A100,0003,TAN,
100,5000000190,000020,MAT00016,Safety Helmet 4,53,EA,290.85,15415.05,G100,0001,TAN,
100,5000000190,000030,MAT00013,Business Monitor 4,44,EA,32990.08,1451563.52,G100,0001,TAN,
100,5000000190,000040,MAT00028,Safety Gloves 7,4,EA,6547.17,26188.68,G100,0003,TAN,
100,5000000190,000050,MAT00031,Packing Tape 8,44,EA,156.7,6894.8,G100,0003,TAN,
100,5000000191,000010,MAT00044,Tool Kit 11,60,EA,5045.45,302727.0,G100,0003,TAN,
100,5000000191,000020,MAT00071,Pallet 18,-1,EA,875.89,23649.03,C100,0002,TAN,
100,5000000191,000030,MAT00066,Standing Desk 17,22,EA,4749.71,104493.62,A100,0001,TAN,
100,5000000191,000040,MAT00006,Meeting Table 2,5,EA,14054.7,70273.5,A100,0002,TAN,
100,5000000191,000050,MAT00020,Tool Kit 5,2,EA,3748.44,7496.88,A100,0001,TAN,
100,5000000192,000010,MAT00068,Safety Gloves 17,42,EA,6608.68,277564.56,C100,0003,TAN,
100,5000000192,000020,MAT00014,Filing Cabinet 4,60,EA,-10388.15,623289.0,C100,0002,TAN,
100,5000000192,000030,MAT00018,Filing Cabinet 5,1,EA,3612.78,3612.78,A100,0003,TAN,
100,5000000192,000040,MAT00052,Safety Helmet 13,8,EA,6217.52,49740.16,C100,0002,TAN,
100,5000000192,000050,MAT00020,Tool Kit 5,31,EA,3838.22,118984.82,C100,0003,TAN,
100,5000000193,000010,MAT00048,Safety Helmet 12,38,EA,1906.34,72440.92,A100,0003,TAN,
100,5000000193,000020,MAT00074,Standing Desk 19,54,EA,5462.28,294963.12,C100,0003,TAN,
100,5000000194,000010,MAT00038,Office Chair 10,-5,EA,3991.0,3991.0,G100,0002,TAN,
100,5000000194,000020,MAT00034,Desk Lamp 9,57,EA,10630.44,605935.08,G100,0002,TAN,
100,5000000194,000030,MAT00054 ,Office Chair 14,40,EA,5540.06,177281.92,A100,0003,TAN,
100,5000000195,000010,MAT00068,Safety Gloves 17,57,EA,5909.52,336842.64,C100,0003,TAN,
100,5000000195,000020,MAT00034,Desk Lamp 9,14,EA,10402.2,174756.96,C100,0001,TAN,
100,5000000196,000010,MAT00048,Safety Helmet 12,2,EA,1978.77,3957.54,C100,0003,TAN,
100,5000000196,000020,MAT00002,Desk Lamp 1,43,EA ,8172.28,351408.04,A100,0002,TAN,
100,5000000197,000010,MAT00006,Meeting Table 2,8,EA,11520.11,92160.88,A100,0002,TAN,
100,5000000198,000010,MAT00007,Stretch Film 2,33,EA,814.23,26869.59,G100,0001,TAN,
100,5000000198,000020,MAT00033,Business Monitor 9,54,EA,25445.36,1374049.44,A100,0003,TAN,
100,5000000198,000030,MAT00035,Carton Box 9,41,EA,278.85,11432.85,G100,0003,TAN,
100,5000000199,000010, MAT00011,Bubble Wrap 3,19,EA,28.92,549.48,A100,0002,TAN,
100,5000000199,000020,MAT00079,Packing Tape 20,60,EA,50.09,3005.4,A100,0001,TAN,
100,5000000200,000010,MAT00007,Stretch Film 2,37,EA,727.44,40372.92,A100,0003,TAN,
100,5000000201,000010,MAT00050,Filing Cabinet 13,10,EA,10268.47,102684.7,C100,0002,TAN,
100,5000000201,000020,MAT00062,Office Chair 16,52,EA,16693.06,868039.12,C100,0001,TAN,
100,5000000201,000030,MAT00078 ,Filing Cabinet 20,11,EA,8667.79,95345.69,A100,0002,TAN,
100,5000000202,000010,MAT00080,Tool Kit 20,21,EA,2770.21,87261.62,G100,0003,TAN,
100,5000000202,000020,MAT00014,Filing Cabinet 4,18,EA,10876.0,195768.0,C100,0002,TAN,
100,5000000202,000030,MAT00037,Business Monitor 10,49,Each,12556.58,615272.42,G100,0003,TAN,
100,5000000202,000040,MAT00009,Business Monitor 3,16,EA,44811.43,716982.88,A100,0002,TAN,
100,5000000203,000010,MAT00041,USB-C Dock 11,40,EA,17213.97,826270.56,G100,0003,TAN,
100,5000000204,000010,MAT00060,Tool Kit 15,24,EA,2245.54,53892.96,A100,0003,TAN,
100,5000000204,000020,MAT00025,Barcode Scanner 7,6,EA,18326.03,109956.18,A100,0002,TAN,
100,5000000204,000030,MAT00001,Barcode Scanner 1,28,EA,9641.36,269958.08,A100,0001,TAN,
100,5000000204,000040,MAT00068,Safety Gloves 17,50,EA,7131.45,356572.5,G100,0002,TAN,
100,5000000205,000010,MAT00047,Stretch Film 12,57,EA,638.37,36387.09,C100,0003,TAN,
100,5000000205,000020,MAT00046,Meeting Table 12,34,EA,16030.85,817573.35,C100,0002,TAN,
100,5000000205,000030,MAT00039,Carton Box 10,26,EA,359.96,9358.96,A100,0001,TAN,
100,5000000205,000040,MAT00061,Business Monitor 16,36,EA,14283.42,514203.12,G100,0002,TAN,
100,5000000205,000050,MAT00001 ,Barcode Scanner 1,44,EA,9201.14,404850.16,c100,0001,TAN,
100,5000000206,000010,MAT00056,Safety Gloves 14,24,EA,5747.32,137935.68,G100,0002,TAN,
100,5000000206,000020,MAT00068,Safety Gloves 17,26,EA ,6078.72,158046.72,A100,0002,TAN,
100,5000000206,000030,MAT00047,Stretch Film 12,7,EA,632.36,4426.52,G100,0002,TAN,
100,5000000207,000010, MAT00037,Business Monitor 10,10,EA,12544.9,125449.0,G100,0002,TAN,
100,5000000208,000010,MAT00031,Packing Tape 8,2,EA,147.87,295.74,C100,0003,TAN,
100,5000000208,000020,MAT00044,Tool Kit 11,31,EA,5324.5,165059.5,A100,0003,TAN,
100,5000000208,000030,MAT00034,Desk Lamp 9,53,EA,10407.7,551608.1,C100,0003,TAN,
100,5000000208,000040,MAT00059,Pallet 15,49,EA,262.08,19262.88,C100,0001,TAN,
100,5000000209,000010,MAT00070,Meeting Table 18,9,EA,5416.96,48752.64,C100,0001,TAN,
100,5000000210,000010,MAT00002,Desk Lamp 1,49,EA,6767.5,331607.5,G100,0001,TAN,
100,5000000211,000010,MAT00044,Tool Kit 11,22,EA,5365.14,118033.08,G100,0001,TAN,
100,5000000211,000020,MAT00033,Business Monitor 9,23,EA,24026.57,552611.11,G100,0003,TAN,
100,5000000212,000010,MAT00024,Tool Kit 6,47,EA,777.67,54825.74,A100,0001,TAN,
100,5000000212,000020,MAT00047,Stretch Film 12,60,EA,584.59,35075.4,C100,0002,TAN,
100,5000000212,000030,MAT00060,Tool Kit 15,6,EA,2179.73,13078.38,C100,0003,TAN,
100,5000000213,000010,MAT00002,Desk Lamp 1,4,EA,7361.73,29446.92,G100,0002,TAN,
100,5000000214,000010,MAT00059,Pallet 15,56,EA,254.73,14264.88,G100,0001,TAN,
100,5000000214,000020,MAT00033,Business Monitor 9,-1,EA,24932.35,49864.7,G100,0003,TAN,
100,5000000214,000030,MAT00061,Business Monitor 16,9,EA,16407.21,147664.89,G100,0001,TAN,
100,5000000215,000010,MAT00041,USB-C Dock 11,58,EA,14832.87,860306.46,A100,0003,TAN,
100,5000000215,000020,MAT00063,Packing Tape 16,14,EA,709.24,9929.36,A100,0001,TAN,
100,5000000215,000030,MAT00064,Drill Bit Set 16,3,EA,3212.73,9638.19,C100,0002,TAN,
100,5000000216,000010,MAT00035,Carton Box 9,29,EA,269.33,7810.57,A100,0001,TAN,
100,5000000216,000020,MAT00030,Standing Desk 8,21,EA,6127.87,128685.27,C100,0001,TAN,
100,5000000217,000010,MAT00034,Desk Lamp 9,32,EA,11072.18,354309.76,G100,0002,TAN,
100,5000000218,000010,MAT00036,Safety Gloves 9,-1,EA,3039.78,148949.22,A100,0002,TAN,
100,5000000218,000020,MAT99999,Business Monitor 20,40,EA,4475.62,179024.8,G100,0003,TAN,
100,5000000218,000030,MAT00024,Tool Kit 6,18,EA,786.97,14165.46,C100,0001,TAN,
100,5000000218,000040,MAT00079,Packing Tape 20,5,PC,52.82,264.1,C100,0003,TAN,
100,5000000218,000050,MAT00023,Pallet 6,12,EA,1163.34,13960.08,C100,0002,TAN,
100,5000000219,000010,MAT00024,Tool Kit 6,59,EA,759.72,44823.48,A100,0003,TAN,
100,5000000220,000010,MAT00041,USB-C Dock 11,46,EA,15908.08,731771.68,A100,0001,TAN,
100,5000000220,000020,MAT00049,Laptop 15 Inch 13,55,EA,12824.31,564269.64,G100,0001,TAN,
100,5000000220,000030,MAT00029,Wireless Keyboard 8,31,EA,33502.88,1038589.28,G100,0002,TAN,
100,5000000220,000040,MAT00038,Office Chair 10,42,EA,4769.51,200319.42,C100,0001,TAN,
100,5000000220,000050,MAT00036,Safety Gloves 9,-1,EA,2871.9,134979.3,,0002,TAN,
100,5000000221,000010,MAT00051,Bubble Wrap 13,45,EA,918.14,41316.3,G100,0003,TAN,
100,5000000221,000020,MAT00042,Desk Lamp 11,52,EA,3725.51,193726.52,G100,0002,TAN,
100,5000000221,000030,MAT00065,Wireless Keyboard 17,16,EA,4667.86,74685.76,C100,0002,TAN,
100,5000000221,000040,MAT00066,Standing Desk 17,59,EA,4840.0,285560.0,A100,0002,TAN,
100,5000000221,000050,MAT00016,Safety Helmet 4,9,EA,260.88,2347.92,C100,0003,TAN,
100,5000000222,000010,MAT00052,Safety Helmet 13,21,EA,6142.75,128997.75,C100,0001,TAN,
100,5000000222,000020,MAT00032,Safety Helmet 8,33,EA,274.9,9071.7,G100,0001,TAN,
100,5000000222,000030,MAT00009,Business Monitor 3,35,EA,41833.95,1464188.25,C100,0002,TAN,
100,5000000223,000010,MAT00046,Meeting Table 12,29,EA,16028.85,464836.65,G100,0002,TAN,
100,5000000224,000010,MAT00005,USB-C Dock 2,42,EA,6237.14,261959.88,A100,0001,TAN,
100,5000000224,000020,MAT00052,Safety Helmet 13,45,EA,5907.58,265841.1,C100,0001,TAN,
100,5000000225,000010,MAT00035,Carton Box 9,47,EA,285.75,13430.25,A100,0003,TAN,
100,5000000226,000010,MAT00079,Packing Tape 20,12,EA,60.79,729.48,C100,0002,TAN,
100,5000000226,000020,MAT00061,Business Monitor 16,54,EA,13249.53,715474.62,A100,0001,TAN,
100,5000000226,000030,MAT00012,Drill Bit Set 3,8,EA,4495.47,35963.76,A100,0003,TAN,
100,5000000227,000010, MAT00005,USB-C Dock 2,32,EA,6512.43,208397.76,G100,0002,TAN,
100,5000000227,000020,MAT00072,Safety Gloves 18,58,EA,4700.4,272623.2,A100,0003,TAN,
100,5000000227,000030,MAT00053,USB-C Dock 14,33,EA,33811.1,1115766.3,C100,0002,TAN,
100,5000000228,000010,MAT00066,Standing Desk 17,20,EA,4368.91,87378.2,C100,0001,TAN,
100,5000000229,000010, MAT00054,Office Chair 14,52,EA,5623.22,292407.44,G100,0001,TAN,
100,5000000229,000020,MAT00048,Safety Helmet 12,22,EA,1667.57,36686.54,A100,0002,TAN,
100,5000000230,000010,MAT00074,Standing Desk 19,24,Each,6535.59,156854.16,A100,0002,TAN,
100,5000000230,000020,MAT00067,Stretch Film 17,32,EA,762.51,24400.32,G100,0001,TAN,
100,5000000230,000030,MAT00057,Wireless Keyboard 15,31,EA,35486.75,1100089.25,A100,0001,TAN,
100,5000000230,000040,MAT00053,USB-C Dock 14,23,PC,36854.09,847644.07,A100,0002,TAN,
100,5000000231,000010,MAT00056,Safety Gloves 14,21,EA,5386.04,113106.84,A100,0002,TAN,
100,5000000231,000020,MAT00046,Meeting Table 12,3,EA,17381.91,52145.73,A100,0003,TAN,
100,5000000231,000030,MAT00077,Business Monitor 20,5,EA,4020.81,20104.05,C100,0003,TAN,
100,5000000231,000040,MAT00067,Stretch Film 17,37,EA,796.0,29452.0,C100,0002,TAN,
100,5000000231,000050,MAT00039,Carton Box 10,18,EA,342.01,6156.18,C100,0001,TAN,
100,5000000232,000010,MAT00040,Drill Bit Set 10,50,EA,2979.97,148998.5,G100,0003,TAN,
100,5000000232,000020,MAT00056,Safety Gloves 14,2,EA,5632.66,11265.32,G100,0002,TAN,
100,5000000233,000010,MAT00077,Business Monitor 20,58,EA,4821.1,279623.8,A100,0002,TAN,
100,5000000233,000020,MAT00056,Safety Gloves 14,46,EA,5450.04,250701.84,A100,0002,TAN,
100,5000000233,000030,MAT00004,Industrial Lubricant 1,23,EA,-5090.71,117086.33,C100,0002,TAN,
100,5000000234,000010,MAT00021,Business Monitor 6,22,EA,32336.94,711412.68,G100,0001,TAN,
100,5000000234,000020,MAT00022,Office Chair 6,10,EA,,69185.7,C100,0001,TAN,
100,5000000235,000010,MAT00015,Carton Box 4,27,EA,,4804.92,G100,0003,TAN,
100,5000000235,000020,MAT00032,Safety Helmet 8,48,EA,277.23,13307.04,A100,0002,TAN,
100,5000000236,000010,MAT00031,Packing Tape 8,18,EA,143.38,2580.84,C100,0001,TAN,
100,5000000236,000020,MAT00064,Drill Bit Set 16,58,EA,3062.69,177636.02,A100,0003,TAN,
100,5000000237,000010,MAT00068,Safety Gloves 17,5,EA ,,36056.05,C100,0001,TAN,
100,5000000237,000020,MAT00010,Office Chair 3,5,EA,17060.24,85301.2,A100,0002,TAN,
100,5000000237,000030,MAT00060,Tool Kit 15,59,EA,2185.06,128918.54,C100,0001,TAN,
100,5000000237,000040,MAT00077 ,Business Monitor 20,47,ea,4398.51,206729.97,C100,0001,TAN,
100,5000000237,000050,MAT00022,Office Chair 6,39,EA,6294.19,245473.41,C100,0002,TAN,
100,5000000238,000010,MAT00021,Business Monitor 6,9,EA,33038.69,297348.21,C100,0002,TAN,
100,5000000239,000010,MAT00080,Tool Kit 20,54,EA,2778.31,150028.74,C100,0003,TAN,
100,5000000239,000020,MAT00052,Safety Helmet 13,36,EA,5530.98,199115.28,A100,0001,TAN,
100,5000000239,000030,MAT00022,Office Chair 6,40,EA,7079.52,283180.8,C100,0003,TAN,
100,5000000240,000010,MAT00053,USB-C Dock 14,48,EA,35026.05,1681250.4,,0003,TAN,
100,5000000241,000010,MAT00052,Safety Helmet 13,55,EA,6371.79,525672.68,C100,0003,TAN,
100,5000000241,000020,MAT00040,Drill Bit Set 10,27,EA,3450.55,93164.85,G100,0003,TAN,
100,5000000241,000030,MAT00024,Tool Kit 6,47,EA,808.1,37980.7,,0002,TAN,
100,5000000241,000040,MAT00073,USB-C Dock 19,6,EA,6195.54,37173.24,C100,0001,TAN,
100,5000000241,000050,MAT00015,Carton Box 4,54,EA,175.01,9450.54,C100,0003,TAN,
100,5000000242,000010,MAT00045,Laptop 15 Inch 12,42,EA,11335.94,476109.48,G100,0001,TAN,
100,5000000242,000020,MAT00038,Office Chair 10,31,EA,4802.46,148876.26,G100,0003,TAN,
100,5000000243,000010,MAT00077,Business Monitor 20,44,EA,3955.12,174025.28,A100,0002,TAN,
100,5000000243,000020,MAT00024,Tool Kit 6,28,EA,693.83,19427.24,G100,0003,TAN,
100,5000000243,000030,MAT00063,Packing Tape 16,12,PC,664.18,7970.16,G100,0002,TAN,
100,5000000243,000040,MAT00026,Filing Cabinet 7,9,EA,11620.89,104588.01,C100,0003,TAN,
100,5000000244,000010,MAT00013,Business Monitor 4,15,EA,32179.78,482696.7,G100,0002,TAN,
100,5000000244,000020,MAT00078,Filing Cabinet 20,37,EA,9569.91,354086.67,C100,0001,TAN,
100,5000000245,000010,MAT00044,Tool Kit 11,1,EA,5740.62,5740.62,G100,0002,TAN,
100,5000000246,000010,MAT00032,Safety Helmet 8,19,EA,310.11,5892.09,G100,0003,TAN,
100,5000000246,000020,MAT00036,Safety Gloves 9,45,EA,3128.74,140793.3,C100,0003,TAN,
100,5000000247,000010,MAT00023,Pallet 6,27,EA,1056.95,28537.65,C100,0002,TAN,
100,5000000247,000020,MAT00037 ,Business Monitor 10,16,EA,12296.44,196743.04,A100,0002,TAN,
100,5000000247,000030,MAT00054,Office Chair 14,1,EA,5610.48,5610.48,c100,0001,TAN,
100,5000000247,000040,MAT00053,USB-C Dock 14,58,EA,38044.09,2206557.22,C100,0002,TAN,
100,5000000247,000050,MAT00050,Filing Cabinet 13,41,EA,9572.37,392467.17,A100,0002,TAN,
100,5000000248,000010,MAT00035,Carton Box 9,50,EA,269.47,13473.5,A100,0002,TAN,
100,5000000248,000020,MAT00001,Barcode Scanner 1,46,EA,9159.47,421335.62,A100,0003,TAN,
100,5000000248,000030,MAT00066,Standing Desk 17,47,EA,5150.11,242055.17,C100,0002,TAN,
100,5000000248,000040,MAT00077,Business Monitor 20,0,EA,4264.2,217474.2,C100,0003,TAN,
100,5000000248,000050,MAT00074,Standing Desk 19,13,EA,5604.94,87437.06,,0003,TAN,
100,5000000249,000010,MAT00011,Bubble Wrap 3,37,EA,32.72,1210.64,A100,0002,TAN,
100,5000000249,000020,MAT00040,Drill Bit Set 10,58,EA,3284.91,190524.78,,0002,TAN,
100,5000000249,000030,MAT00032,Safety Helmet 8,47,EA,288.05,13538.35,C100,0001,TAN,
100,5000000249,000040,MAT00048,Safety Helmet 12,44,EA,1671.52,73546.88,A100,0001,TAN,
100,5000000250,000010,MAT00033,Business Monitor 9,21,EA,27990.69,587804.49,A100,0001,TAN,
100,5000000250,000020,MAT00001,Barcode Scanner 1,42,EA,9803.23,411735.66,C100,0001,TAN,
100,5000000250,000030,MAT00010,Office Chair 3,50,EA,16339.59,816979.5,c100,0002,TAN,
100,5000000250,000040,MAT00004,Industrial Lubricant 1,0,EA,4341.89,260513.4,A100,0002,TAN,
100,5000000250,000050,MAT00074,Standing Desk 19,44,EA,6282.61,276434.84,A100,0003,TAN,
100,5000000251,000010,MAT00059,Pallet 15,4,EA,278.86,1115.44,C100,0003,TAN,
100,5000000251,000020,MAT00055,Packing Tape 14,42,EA,1320.15,55446.3,C100,0001,TAN,
100,5000000252,000010,MAT00002,Desk Lamp 1,28,Each,8160.05,228481.4,G100,0002,TAN,
100,5000000252,000020,MAT00051,Bubble Wrap 13,14,EA,985.01,11032.11,G100,0002,TAN,
100,5000000252,000030,MAT00048,Safety Helmet 12,15,EA,1858.27,27874.05,C100,0001,TAN,
100,5000000253,000010,MAT00028,Safety Gloves 7,22,EA,6359.78,139915.16,G100,0003,TAN,
100,5000000253,000020,MAT00006,Meeting Table 2,34,EA,11760.94,399871.96,A100,0001,TAN,
100,5000000254,000010,MAT00074,Standing Desk 19,3,EA,5714.62,17143.86,A100,0002,TAN,
100,5000000254,000020,MAT00037,Business Monitor 10,31,EA,13293.53,412099.43,C100,0002,TAN,
100,5000000255,000010,MAT00057,Wireless Keyboard 15,2,EA,37358.58,74717.16,C100,0002,TAN,
100,5000000255,000020,MAT00017,USB-C Dock 5,42,EA,2781.15,116808.3,C100,0003,TAN,
100,5000000256,000010,MAT00073,USB-C Dock 19,36,EA,5662.15,203837.4,G100,0003,TAN,
100,5000000256,000020,MAT00041,USB-C Dock 11,4,EA,16924.2,67696.8,G100,0002,TAN,
100,5000000256,000030,MAT00029,Wireless Keyboard 8,24,EA,31694.14,760659.36,A100,0001,TAN,
100,5000000257,000010,MAT00008,Industrial Lubricant 2,44,EA,6291.45,276823.8,G100,0002,TAN,
100,5000000257,000020,MAT00004,Industrial Lubricant 1,17,EA,,82656.38,C100,0003,TAN,
100,5000000257,000030,MAT00051,Bubble Wrap 13,0,EA,947.13,22731.12,A100,0002,TAN,
100,5000000257,000040,MAT00025,Barcode Scanner 7,-1,EA,19125.48,363384.12,C100,0001,TAN,
100,5000000257,000050,MAT00053,USB-C Dock 14,40,EA,36446.97,1457878.8,A100,0001,TAN,
100,5000000258,000010,MAT00040,Drill Bit Set 10,45,EA,3297.92,148406.4,G100,0002,TAN,
100,5000000258,000020,MAT00011,Bubble Wrap 3,51,EA,,1532.55,A100,0001,TAN,
100,5000000258,000030,MAT00038 ,Office Chair 10,52,EA,4177.32,217220.64,G100,0003,TAN,
100,5000000258,000040,MAT00035,Carton Box 9,8,EA,272.24,2177.92,C100,0001,TAN,
100,5000000259,000010,MAT00014,Filing Cabinet 4,2,EA,9620.29,19240.58,G100,0003,TAN,
100,5000000259,000020,MAT00055,Packing Tape 14,59,EA,1133.84,66896.56,G100,0003,TAN,
100,5000000259,000030,MAT00020,Tool Kit 5,22,EA,3618.78,79613.16,C100,0003,TAN,
100,5000000259,000040,MAT00066,Standing Desk 17,18,EA,4602.21,82839.78,A100,0002,TAN,
100,5000000260,000010,MAT00028,Safety Gloves 7,31,EA,5362.63,166241.53,A100,0003,TAN,
100,5000000260,000020,MAT00005,USB-C Dock 2,4,EA,6478.3,25913.2,C100,0002,TAN,
100,5000000260,000030,MAT00071,Pallet 18,29,EA,888.93,25778.97,G100,0003,TAN,
100,5000000260,000040,MAT00036,Safety Gloves 9,9,EA,2931.54,26383.86,A100,0001,TAN,
100,5000000261,000010,MAT00079 ,Packing Tape 20,56,EA,49.93,2796.08,G100,0003,TAN,
100,5000000261,000020,MAT00076,Industrial Lubricant 19,34,EA,,75954.98,C100,0002,TAN,
100,5000000262,000010,MAT00001,Barcode Scanner 1,5,EA,9354.56,46772.8,C100,0001,TAN,
100,5000000262,000020,MAT00048,Safety Helmet 12,5,EA,1984.43,9922.15,A100,0003,TAN,
100,5000000262,000030,MAT00016,Safety Helmet 4,6,EA,281.05,1686.3,G100,0002,TAN,
100,5000000262,000040,MAT00041,USB-C Dock 11,-5,EA,15820.64,933417.76,C100,0003,TAN,
100,5000000263,000010,MAT00071,Pallet 18,46,EA,862.21,39661.66,A100,0002,TAN,
100,5000000263,000020,MAT00080,Tool Kit 20,33,EA,2809.08,92699.64,A100,0003,TAN,
100,5000000263,000030,MAT00020,Tool Kit 5,40,EA,3797.81,151912.4,A100,0002,TAN,
100,5000000264,000010,MAT00080,Tool Kit 20,52,EA,2697.41,140265.32,G100,0001,TAN,
100,5000000264,000020,MAT00016,Safety Helmet 4,39,EA,281.63,10983.57,C100,0002,TAN,
100,5000000264,000030,mat00052,Safety Helmet 13,36,Each,5367.27,193221.72,G100,0003,TAN,
100,5000000264,000040,MAT00048,Safety Helmet 12,25,EA,1811.98,45299.5,G100,0001,TAN,
100,5000000265,000010, MAT00007,Stretch Film 2,34,EA,705.9,24000.6,G100,0001,TAN,
100,5000000266,000010,MAT00042,Desk Lamp 11,25,EA,4049.52,101238.0,G100,0002,TAN,
100,5000000266,000020,MAT00012,Drill Bit Set 3,22,EA,5009.87,110217.14,C100,0002,TAN,
100,5000000267,000010,MAT00073,USB-C Dock 19,58,EA,5673.14,329042.12,C100,0001,TAN,
100,5000000267,000020,MAT00035,Carton Box 9,12,EA,283.76,3405.12,A100,0001,TAN,
100,5000000267,000030,MAT00011,Bubble Wrap 3,22,EA,29.77,654.94,A100,0003,TAN,
100,5000000267,000040,MAT00017,USB-C Dock 5,41,EA,2639.12,108203.92,C100,0001,TAN,
100,5000000268,000010,MAT00055 ,Packing Tape 14,3,EA,1225.65,3676.95,C100,0001,TAN,
100,5000000268,000020,MAT00031,Packing Tape 8,9,EA,168.94,1520.46,G100,0002,TAN,
100,5000000269,000010,MAT00018,Filing Cabinet 5,59,EA,3433.88,202598.92,C100,0001,TAN,
100,5000000269,000020,MAT00006,Meeting Table 2,26,EA,11561.39,300596.14,C100,0002,TAN,
100,5000000270,000010,MAT00057,Wireless Keyboard 15,38,EA,32521.49,1235816.62,C100,0002,TAN,
100,5000000270,000020, MAT00042,Desk Lamp 11,3,EA,4078.16,12234.48,C100,0002,TAN,
100,5000000270,000030,MAT00024,Tool Kit 6,19,EA,722.05,13718.95,G100,0003,TAN,
100,5000000270,000040,MAT00027,Packing Tape 7,30,EA,804.05,24121.5,G100,0001,TAN,
100,5000000271,000010,MAT00002,Desk Lamp 1,45,EA,7457.4,335583.0,A100,0001,TAN,
100,5000000271,000020,MAT00075,Carton Box 19,41,EA,905.4,37121.4,G100,0001,TAN,
100,5000000271,000030,MAT00021,Business Monitor 6,29,EA,32599.35,945381.15,C100,0001,TAN,
100,5000000272,000010,MAT00026,Filing Cabinet 7,16,EA,9731.83,155709.28,A100,0001,TAN,
100,5000000272,000020,MAT00008,Industrial Lubricant 2,32,EA,6285.23,201127.36,A100,0001,TAN,
100,5000000272,000030,MAT00080,Tool Kit 20,52,EA,2683.61,139547.72,C100,0003,TAN,
100,5000000272,000040,MAT00056,Safety Gloves 14,46,EA,5115.26,235301.96,A100,0001,TAN,
100,5000000273,000010,MAT00068,Safety Gloves 17,14,EA,6825.88,95562.32,G100,0003,TAN,
100,5000000273,000020,MAT00044,Tool Kit 11,38,EA,5481.71,208304.98,G100,0003,TAN,
100,5000000273,000030,MAT00041,USB-C Dock 11,11,EA,14668.72,193627.1,C100,0003,TAN,
100,5000000273,000040,MAT00017,USB-C Dock 5,55,EA,3168.36,174259.8,G100,0003,TAN,
100,5000000274,000010,MAT00067,Stretch Film 17,35,EA,667.01,23345.35,A100,0002,TAN,
100,5000000274,000020,MAT00072,Safety Gloves 18,29,EA,3924.69,113816.01,C100,0002,TAN,
100,5000000274,000030,MAT00029,Wireless Keyboard 8,43,EA,32433.3,1394631.9,C100,0002,TAN,
100,5000000275,000010,MAT00067,Stretch Film 17,2,EA,674.43,1348.86,C100,0003,TAN,
100,5000000276,000010,MAT00065,Wireless Keyboard 17,5,EA,4766.48,23832.4,G100,0003,TAN,
100,5000000276,000020,MAT00034,Desk Lamp 9,34,EA,10440.88,354989.92,C100,0001,TAN,
100,5000000277,000010,MAT99999,Office Chair 16,27,EA,17000.37,459009.99,A100,0002,TAN,
100,5000000277,000020,MAT00006,Meeting Table 2,16,EA,11799.86,188797.76,C100,0003,TAN,
100,5000000277,000030,MAT00005,USB-C Dock 2,31,EA,5749.09,178221.79,G100,0003,TAN,
100,5000000277,000040,MAT00042,Desk Lamp 11,40,EA,4175.04,167001.6,G100,0001,TAN,
100,5000000277,000050,MAT00004,Industrial Lubricant 1,27,EA,4586.93,123847.11,G100,0003,TAN,
100,5000000278,000010,MAT00047,Stretch Film 12,54,EA,561.49,30320.46,G100,0002,TAN,
100,5000000278,000020,MAT00003,Packing Tape 1,10,EA,839.82,8398.2,G100,0003,TAN,
100,5000000278,000030,MAT00024,Tool Kit 6,53,EA,,42787.96,,0003,TAN,
100,5000000279,000010,MAT00052,Safety Helmet 13,4,EA,5445.22,21780.88,A100,0001,TAN,
100,5000000279,000020,MAT00002,Desk Lamp 1,16,EA,7120.55,113928.8,G100,0003,TAN,
100,5000000280,000010,MAT00042,Desk Lamp 11,50,EA,3753.18,187659.0,,0003,TAN,
100,5000000280,000020,MAT00030,Standing Desk 8,16,EA,6106.93,97710.88,C100,0001,TAN,
100,5000000280,000030,MAT00017,USB-C Dock 5,59,EA,2762.13,162965.67,G100,0003,TAN,
100,5000000280,000040,MAT00001,Barcode Scanner 1,-1,EA,9863.31,522755.43,A100,0003,TAN,
100,5000000281,000010,MAT00076,Industrial Lubricant 19,13,ea,2185.7,28414.1,G100,0001,TAN,
100,5000000281,000020,MAT00036,Safety Gloves 9,49,EA,2871.46,140701.54,G100,0001,TAN,
100,5000000281,000030,MAT00041,USB-C Dock 11,45,EA,15317.3,689278.5,C100,0001,TAN,
100,5000000281,000040,MAT00055,Packing Tape 14,60,EA,1067.75,64065.0,A100,0001,TAN,
100,5000000281,000050,MAT99999,Desk Lamp 11,55,EA,3702.06,203613.3,A100,0003,TAN,
100,5000000282,000010,MAT00078,Filing Cabinet 20,34,EA,9419.07,320248.38,G100,0003,TAN,
100,5000000283,000010, MAT00003,Packing Tape 1,28,EA,822.64,23033.92,G100,0002,TAN,
100,5000000283,000020,MAT00002,Desk Lamp 1,9,EA,8051.36,72462.24,C100,0002,TAN,
100,5000000283,000030,MAT00039,Carton Box 10,43,EA,324.64,13959.52,G100,0003,TAN,
100,5000000283,000040,MAT00016,Safety Helmet 4,14,EA,270.9,3792.6,G100,0003,TAN,
100,5000000284,000010,MAT00075,Carton Box 19,19,EA,867.26,16477.94,G100,0003,TAN,
100,5000000284,000020,MAT00033,Business Monitor 9,10,EA,23455.89,187647.12,G100,0002,TAN,
100,5000000285,000010,MAT00061,Business Monitor 16,8,EA,15158.81,121270.48,G100,0003,TAN,
100,5000000285,000020,MAT00006 ,Meeting Table 2,42,EA,,588494.34,A100,0003,TAN,
100,5000000285,000030,MAT00008,Industrial Lubricant 2,3,EA,6080.23,18240.69,G100,0002,TAN,
100,5000000285,000040,MAT00073,USB-C Dock 19,23,EA,5729.21,131771.83,A100,0001,TAN,
100,5000000286,000010,MAT00020,Tool Kit 5,12,EA,3852.54,46230.48,A100,0003,TAN,
100,5000000287,000010,MAT00019,Carton Box 5,0,EA,858.7,49804.6,A100,0002,TAN,
100,5000000287,000020,MAT00001,Barcode Scanner 1,20,EA ,9945.48,198909.6,X999,0003,TAN,
100,5000000287,000030,MAT00055,Packing Tape 14,21,EA,1128.32,23694.72,G100,0002,TAN,
100,5000000287,000040,MAT00078,Filing Cabinet 20,16,EA,8613.54,137816.64,C100,0001,TAN,
100,5000000287,000050,MAT00048,Safety Helmet 12,3,EA,1622.94,3895.06,A100,0002,TAN,
100,5000000288,000010,MAT00076,Industrial Lubricant 19,52,EA,2405.2,125070.4,C100,0002,TAN,
100,5000000288,000020,MAT00004,Industrial Lubricant 1,50,Each,4534.32,226716.0,G100,0001,TAN,
100,5000000288,000030,MAT00077,Business Monitor 20,26,EA,4283.39,111368.14,G100,0001,TAN,
100,5000000289,000010,mat00019,Carton Box 5,51,EA,964.38,49183.38,A100,0001,TAN,
100,5000000289,000020,mat00012,Drill Bit Set 3,25,EA,4951.01,123775.25,C100,0001,TAN,
100,5000000289,000030,MAT00009,Business Monitor 3,32,EA,44310.78,1417944.96,G100,0001,TAN,
100,5000000289,000040,MAT00061,Business Monitor 16,33,EA,13419.06,442828.98,A100,0001,TAN,
100,5000000290,000010,MAT00010,Office Chair 3,13,EA,14790.11,192271.43,A100,0001,TAN,
100,5000000290,000020,MAT00060,Tool Kit 15,54,EA,1849.12,99852.48,A100,0002,TAN,
100,5000000290,000030,MAT00026,Filing Cabinet 7,28,EA,10048.49,281357.72,C100,0003,TAN,
100,5000000291,000010,MAT00068,Safety Gloves 17,12,EA,6380.01,76560.12,C100,0002,TAN,
100,5000000291,000020,MAT00003,Packing Tape 1,42,EA,752.35,31598.7,C100,0002,TAN,
100,5000000291,000030,MAT00023,Pallet 6,38,EA,1018.42,30959.97,G100,0003,TAN,
100,5000000291,000040,MAT00014,Filing Cabinet 4,42,EA,10547.37,442989.54,G100,0001,TAN,
100,5000000292,000010,MAT00030,Standing Desk 8,53,EA,5324.23,282184.19,G100,0002,TAN,
100,5000000292,000020,MAT00074,Standing Desk 19,57,EA,,350080.32,C100,0003,TAN,
100,5000000292,000030,MAT00079,Packing Tape 20,21,EA,51.2,1075.2,C100,0001,TAN,
100,5000000293,000010,MAT00043,Carton Box 11,39,EA,572.91,22343.49,A100,0002,TAN,
100,5000000293,000020,MAT00005,USB-C Dock 2,43,EA,5692.3,244768.9,C100,0001,TAN,
100,5000000294,000010,MAT00023,Pallet 6,10,EA,,11710.7,G100,0001,TAN,
100,5000000294,000020,MAT00059,Pallet 15,45,EA,225.45,10145.25,C100,0003,TAN,
100,5000000294,000030,MAT00049,Laptop 15 Inch 13,44,EA,11680.54,513943.76,G100,0001,TAN,
100,5000000294,000040,MAT00027,Packing Tape 7,6,EA,799.71,4798.26,A100,0002,TAN,
100,5000000295,000010,MAT00003,Packing Tape 1,51,EA,885.02,45136.02,C100,0001,TAN,
100,5000000295,000020,MAT00004,Industrial Lubricant 1,55,EA,4710.45,259074.75,C100,0001,TAN,
100,5000000295,000030,MAT00012,Drill Bit Set 3,37,EA,4589.73,169820.01,A100,0001,TAN,
100,5000000296,000010,MAT00058,Office Chair 15,37,EA,4935.87,182627.19,G100,0001,TAN,
100,5000000296,000020,MAT00068,Safety Gloves 17,1,EA,6388.08,6388.08,C100,0003,TAN,
100,5000000296,000030,MAT00011,Bubble Wrap 3,40,EA,28.09,1123.6,G100,0002,TAN,
100,5000000296,000040,MAT00022,Office Chair 6,16,EA,6908.86,110541.76,G100,0001,TAN,
100,5000000297,000010,MAT00047,Stretch Film 12,4,EA,551.04,2204.16,A100,0001,TAN,
100,5000000297,000020,MAT00048,Safety Helmet 12,44,EA,,73941.56,C100,0002,TAN,
100,5000000297,000030,MAT00066,Standing Desk 17,34,PC,4305.09,146373.06,C100,0001,TAN,
100,5000000297,000040,MAT00073,USB-C Dock 19,51,EA,6637.77,338526.27,G100,0001,TAN,
100,5000000298,000010,MAT00071,Pallet 18,17,EA,867.76,14751.92,A100,0003,TAN,
100,5000000298,000020,MAT00058,Office Chair 15,3,Each,-4633.42,13900.26,C100,0001,TAN,
100,5000000299,000010,MAT00002,Desk Lamp 1,31,EA,7208.38,223459.78,A100,0003,TAN,
100,5000000299,000020,MAT00027,Packing Tape 7,57,EA,886.96,50556.72,G100,0001,TAN,
100,5000000300,000010,MAT00045,Laptop 15 Inch 12,33,EA,11112.31,366706.23,C100,0003,TAN,
100,5000000301,000010,MAT00020,Tool Kit 5,51,EA,3773.77,192462.27,A100,0002,TAN,
100,5000000301,000020,MAT00040,Drill Bit Set 10,45,EA,3570.9,160690.5,G100,0001,TAN,
100,5000000301,000030,MAT00003,Packing Tape 1,41,EA,892.77,36603.57,C100,0001,TAN,
100,5000000301,000040,mat00013,Business Monitor 4,36,EA,34846.77,1254483.72,A100,0001,TAN,
100,5000000301,000050, MAT00030,Standing Desk 8,49,EA,6090.49,298434.01,A100,0002,TAN,
100,5000000302,000010,MAT00002,Desk Lamp 1,50,EA,8282.48,414124.0,G100,0001,TAN,
100,5000000302,000020,MAT00032,Safety Helmet 8,28,EA,311.57,8723.96,A100,0002,TAN,
100,5000000303,000010,MAT00076,Industrial Lubricant 19,36,EA,1998.29,71938.44,G100,0002,TAN,
100,5000000304,000010,MAT00075,Carton Box 19,8,EA,833.79,6670.32,A100,0002,TAN,
100,5000000305,000010,MAT00046,Meeting Table 12,13,EA,17464.05,227032.65,A100,0002,TAN,
100,5000000305,000020,MAT00057,Wireless Keyboard 15,43,EA,35698.51,1535035.93,C100,0001,TAN,
100,5000000305,000030,MAT00070,Meeting Table 18,54,EA,4941.58,266845.32,A100,0003,TAN,
100,5000000305,000040,MAT00010,Office Chair 3,47,EA,14420.1,677744.7,C100,0001,TAN,
100,5000000306,000010,MAT00061,Business Monitor 16,58,EA,14885.93,863383.94,A100,0001,TAN,
100,5000000307,000010, MAT00018,Filing Cabinet 5,-5,EA,-3243.94,58390.92,G100,0002,TAN,
100,5000000307,000020,MAT00039,Carton Box 10,37,EA,352.83,13054.71,G100,0001,TAN,
100,5000000308,000010,MAT00074,Standing Desk 19,36,ea,6113.02,220068.72,A100,0002,TAN,
100,5000000308,000020,MAT00031,Packing Tape 8,39,EA,162.39,6333.21,A100,0003,TAN,
100,5000000309,000010,MAT00010,Office Chair 3,39,EA,16170.38,630644.82,A100,0001,TAN,
100,5000000309,000020,MAT00050,Filing Cabinet 13,36,EA,10155.38,365593.68,C100,0001,TAN,
100,5000000309,000030,MAT00056,Safety Gloves 14,16,EA,,100094.4,A100,0001,TAN,
100,5000000309,000040,MAT00064,Drill Bit Set 16,8,EA,3038.19,24305.52,A100,0002,TAN,
100,5000000310,000010,MAT00015,Carton Box 4,41,EA,204.16,8370.56,C100,0003,TAN,
100,5000000310,000020,MAT00025,Barcode Scanner 7,-1,EA,19884.31,1053868.43,G100,0001,TAN,
100,5000000310,000030,MAT00002,Desk Lamp 1,52,EA,7621.13,396298.76,A100,0002,TAN,
100,5000000310,000040,MAT00054,Office Chair 14,24,EA,4979.26,119502.24,G100,0001,TAN,
100,5000000310,000050,MAT00048,Safety Helmet 12,11,EA,1830.39,20134.29,G100,0003,TAN,
100,5000000311,000010,MAT00036,Safety Gloves 9,12,EA,2834.9,34018.8,A100,0003,TAN,
100,5000000311,000020,MAT00051,Bubble Wrap 13,13,ea,948.92,12335.96,C100,0002,TAN,
100,5000000312,000010,MAT00008,Industrial Lubricant 2,26,EA,7079.99,184079.74,C100,0001,TAN,
100,5000000312,000020,MAT00058,Office Chair 15,51,EA,4225.65,215508.15,A100,0001,TAN,
100,5000000312,000030,MAT00030,Standing Desk 8,37,EA,5335.76,197423.12,A100,0001,TAN,
100,5000000312,000040,MAT00057,Wireless Keyboard 15,49,EA,36225.68,1775058.32,C100,0001,TAN,
100,5000000312,000050,MAT00077,Business Monitor 20,56,EA,4277.01,239512.56,A100,0001,TAN,
100,5000000313,000010,MAT00078,Filing Cabinet 20,-1,EA,8720.91,209301.84,G100,0003,TAN,
100,5000000313,000020,MAT00014,Filing Cabinet 4,46,EA,9976.5,458919.0,A100,0001,TAN,
100,5000000314,000010,MAT00030,Standing Desk 8,25,EA,6174.39,154359.75,A100,0003,TAN,
100,5000000314,000020,MAT00076,Industrial Lubricant 19,36,EA,2296.38,82669.68,G100,0001,TAN,
100,5000000314,000030,MAT00023,Pallet 6,12,EA,1152.89,13834.68,C100,0003,TAN,
100,5000000314,000040,MAT00044,Tool Kit 11,11,EA,5788.52,63673.72,C100,0003,TAN,
100,5000000315,000010,MAT00024 ,Tool Kit 6,57,EA,704.73,40169.61,A100,0003,TAN,
100,5000000315,000020,MAT00008,Industrial Lubricant 2,25,EA,,166636.0,A100,0003,TAN,
100,5000000315,000030,MAT00017,USB-C Dock 5,34,EA,2590.39,88073.26,C100,0003,TAN,
100,5000000315,000040,MAT00038,Office Chair 10,59,EA,4358.32,205712.7,G100,0002,TAN,
100,5000000315,000050,MAT00075,Carton Box 19,21,EA,781.65,16414.65,C100,0003,TAN,
100,5000000316,000010,MAT00023,Pallet 6,58,EA,1021.45,59244.1,G100,0002,TAN,
100,5000000316,000020,MAT00011,Bubble Wrap 3,30,EA,31.26,937.8,C100,0003,TAN,
100,5000000317,000010,MAT00029,Wireless Keyboard 8,23,EA,32054.02,737242.46,C100,0002,TAN,
100,5000000318,000010,MAT00055,Packing Tape 14,4,EA,1304.06,5216.24,C100,0002,TAN,
100,5000000318,000020,MAT00068,Safety Gloves 17,-5,EA,6143.16,116720.04,A100,0002,TAN,
100,5000000318,000030,MAT00075,Carton Box 19,43,EA,916.58,39412.94,A100,0002,TAN,
100,5000000318,000040,MAT00002,Desk Lamp 1,54,EA,8028.57,433542.78,A100,0002,TAN,
100,5000000319,000010,MAT00043,Carton Box 11,58,EA,668.05,38746.9,,0001,TAN,
100,5000000319,000020,MAT00011,Bubble Wrap 3,40,EA ,27.98,1119.2,G100,0002,TAN,
100,5000000319,000030,MAT00036,Safety Gloves 9,14,EA,3130.76,43830.64,A100,0003,TAN,
100,5000000319,000040,MAT00009,Business Monitor 3,43,EA,,1808061.85,C100,0003,TAN,
100,5000000319,000050,MAT00048,Safety Helmet 12,36,EA,1607.76,57879.36,G100,0002,TAN,
100,5000000320,000010,MAT00018,Filing Cabinet 5,16,EA,2950.32,47205.12,C100,0003,TAN,
100,5000000321,000010,MAT00011,Bubble Wrap 3,22,EA,27.75,610.5,A100,0001,TAN,
100,5000000321,000020,MAT00047,Stretch Film 12,20,EA,660.09,13201.8,C100,0002,TAN,
100,5000000322,000010,MAT00013 ,Business Monitor 4,34,EA,29663.88,1008571.92,A100,0001,TAN,
100,5000000322,000020,MAT00007,Stretch Film 2,12,EA,871.32,10455.84,A100,0003,TAN,
100,5000000322,000030,MAT00042,Desk Lamp 11,7,EA,4203.21,29422.47,C100,0002,TAN,
100,5000000322,000040,MAT00016,Safety Helmet 4,3,EA,309.97,929.91,C100,0002,TAN,
100,5000000322,000050,MAT00037,Business Monitor 10,6,EA,12654.63,75927.78,G100,0003,TAN,
100,5000000323,000010,MAT00028,Safety Gloves 7,39,EA,6574.7,256413.3,A100,0001,TAN,
100,5000000323,000020,MAT00039,Carton Box 10,58,EA,383.43,22238.94,C100,0001,TAN,
100,5000000323,000030,MAT00029,Wireless Keyboard 8,30,EA,29732.21,891966.3,G100,0001,TAN,
100,5000000324,000010,MAT00017,USB-C Dock 5,24,EA,2943.1,70634.4,C100,0003,TAN,
100,5000000325,000010, MAT00002,Desk Lamp 1,30,EA,7145.45,214363.5,G100,0001,TAN,
100,5000000325,000020,MAT00048,Safety Helmet 12,2,EA,1756.31,3512.62,G100,0002,TAN,
100,5000000326,000010,MAT00070,Meeting Table 18,20,EA,5872.0,117440.0,A100,0001,TAN,
100,5000000326,000020,MAT00061,Business Monitor 16,57,EA,13742.32,783312.24,G100,0002,TAN,
100,5000000326,000030,MAT00030,Standing Desk 8,33,EA,5484.8,180998.4,C100,0001,TAN,
100,5000000326,000040,MAT00074,Standing Desk 19,2,EA,6451.42,12902.84,C100,0002,TAN,
100,5000000326,000050,MAT00043,Carton Box 11,37,EA,604.91,22381.67,C100,0003,TAN,
100,5000000327,000010,MAT00032,Safety Helmet 8,1,EA,308.48,308.48,A100,0001,TAN,
100,5000000327,000020,MAT00049,Laptop 15 Inch 13,40,EA,12870.67,514826.8,A100,0002,TAN,
100,5000000327,000030,MAT00080,Tool Kit 20,5,EA,2612.88,13064.4,C100,0002,TAN,
100,5000000327,000040,MAT00022,Office Chair 6,21,EA,6433.93,135112.53,G100,0001,TAN,
100,5000000328,000010,MAT00056,Safety Gloves 14,33,EA,5573.24,183916.92,G100,0003,TAN,
100,5000000328,000020,MAT00011,Bubble Wrap 3,13,EA,30.98,402.74,A100,0001,TAN,
100,5000000328,000030,MAT00008,Industrial Lubricant 2,9,EA,6747.14,60724.26,A100,0001,TAN,
100,5000000328,000040,MAT00014,Filing Cabinet 4,2,EA,10827.37,21654.74,A100,0002,TAN,
100,5000000328,000050,MAT00057,Wireless Keyboard 15,33,EA,32966.81,1087904.73,G100,0002,TAN,
100,5000000329,000010,MAT00040,Drill Bit Set 10,13,EA,3575.3,46478.9,,0002,TAN,
100,5000000330,000010,MAT00073,USB-C Dock 19,58,EA,5693.82,330241.56,A100,0003,TAN,
100,5000000331,000010,MAT00076,Industrial Lubricant 19,17,EA,1983.93,33726.81,A100,0003,TAN,
100,5000000331,000020,MAT00017,USB-C Dock 5,46,EA,2821.46,129787.16,C100,0003,TAN,
100,5000000331,000030,MAT00034,Desk Lamp 9,55,EA,11432.9,628809.5,A100,0002,TAN,
100,5000000331,000040,MAT00055,Packing Tape 14,15,EA,1188.37,17825.55,G100,0001,TAN,
100,5000000331,000050,MAT00019,Carton Box 5,14,EA,,12649.42,C100,0003,TAN,
100,5000000332,000010,MAT00036,Safety Gloves 9,17,EA,2787.17,47381.89,G100,0001,TAN,
100,5000000332,000020,MAT00077,Business Monitor 20,53,EA,-4844.69,256768.57,G100,0001,TAN,
100,5000000332,000030,MAT00020,Tool Kit 5,60,EA,3800.92,228055.2,X999,0002,TAN,
100,5000000332,000040,MAT00027,Packing Tape 7,39,EA,820.17,31986.63,A100,0003,TAN,
100,5000000333,000010,MAT00031,Packing Tape 8,34,EA,147.31,5008.54,C100,0003,TAN,
100,5000000333,000020,MAT00046,Meeting Table 12,2,EA,16448.38,32896.76,C100,0002,TAN,
100,5000000333,000030,MAT00010,Office Chair 3,2,EA,16624.87,33249.74,G100,0001,TAN,
100,5000000333,000040,MAT00011,Bubble Wrap 3,30,EA,33.71,1011.3,C100,0003,TAN,
100,5000000334,000010,MAT00046,Meeting Table 12,45,EA,15857.45,856302.3,A100,0001,TAN,
100,5000000334,000020,MAT00040,Drill Bit Set 10,16,EA,3499.92,55998.72,A100,0003,TAN,
100,5000000334,000030,MAT00077,Business Monitor 20,25,Each,-4376.43,109410.75,A100,0003,TAN,
100,5000000335,000010,MAT00065,Wireless Keyboard 17,30,EA,5175.69,155270.7,A100,0003,TAN,
100,5000000335,000020,mat00044,Tool Kit 11,27,EA,5014.59,135393.93,C100,0001,TAN,
100,5000000335,000030,MAT00027,Packing Tape 7,-5,EA,831.45,34920.9,A100,0003,TAN,
100,5000000335,000040,MAT00011,Bubble Wrap 3,45,EA,32.66,1469.7,G100,0003,TAN,
100,5000000336,000010,MAT00051,Bubble Wrap 13,60,EA,963.69,57821.4,C100,0003,TAN,
100,5000000336,000020,MAT00004,Industrial Lubricant 1,36,EA,4811.17,173202.12,C100,0001,TAN,
100,5000000337,000010,MAT00046,Meeting Table 12,47,EA,17133.91,805293.77,G100,0003,TAN,
100,5000000337,000020,MAT00030,Standing Desk 8,54,EA,5425.95,293001.3,G100,0003,TAN,
100,5000000338,000010,MAT00047,Stretch Film 12,8,EA,576.2,4609.6,C100,0003,TAN,
100,5000000338,000020,MAT00066,Standing Desk 17,28,EA,4890.17,136924.76,G100,0003,TAN,
100,5000000338,000030,MAT00024,Tool Kit 6,28,EA,690.24,19326.72,G100,0001,TAN,
100,5000000339,000010,MAT00055,Packing Tape 14,13,EA,1101.02,14313.26,C100,0001,TAN,
100,5000000339,000020,MAT00021,Business Monitor 6,0,EA,29533.43,1210870.63,c100,0001,TAN,
100,5000000339,000030,MAT00059,Pallet 15,15,EA,251.77,3776.55,A100,0001,TAN,
100,5000000340,000010,mat00067,Stretch Film 17,56,EA,658.17,36857.52,A100,0001,TAN,
100,5000000340,000020,MAT00039,Carton Box 10,48,ea,358.98,17231.04,A100,0003,TAN,
100,5000000340,000030,MAT00068,Safety Gloves 17,-1,EA,6381.21,12762.42,G100,0001,TAN,
100,5000000340,000040,MAT00037,Business Monitor 10,9,EA,12835.68,173281.68,c100,0003,TAN,
100,5000000341,000010,MAT00054,Office Chair 14,26,EA,4781.94,124330.44,A100,0002,TAN,
100,5000000341,000020,MAT00077,Business Monitor 20,49,EA,4666.28,228647.72,C100,0001,TAN,
100,5000000341,000030,MAT00018,Filing Cabinet 5,25,EA,3015.65,75391.25,A100,0001,TAN,
100,5000000341,000040,MAT00065,Wireless Keyboard 17,44,EA,4281.13,188369.72,A100,0001,TAN,
100,5000000341,000050,MAT00069,USB-C Dock 18,1,EA,31824.03,31824.03,A100,0002,TAN,
100,5000000342,000010,MAT00018,Filing Cabinet 5,55,EA,3632.1,199765.5,C100,0002,TAN,
100,5000000342,000020,MAT00031,Packing Tape 8,28,EA,146.68,4107.04,C100,0002,TAN,
100,5000000342,000030,MAT00075,Carton Box 19,54,EA,823.17,44451.18,G100,0002,TAN,
100,5000000343,000010,MAT00031,Packing Tape 8,41,EA,158.26,6488.66,A100,0002,TAN,
100,5000000343,000020,MAT00054,Office Chair 14,50,EA,5348.64,267432.0,G100,0001,TAN,
100,5000000344,000010,MAT00044,Tool Kit 11,12,EA,5245.38,62944.56,A100,0003,TAN,
100,5000000345,000010,MAT00017,USB-C Dock 5,43,EA,3049.71,131137.53,A100,0002,TAN,
100,5000000345,000020,MAT00027,Packing Tape 7,34,EA,844.78,28722.52,A100,0002,TAN,
100,5000000345,000030,MAT00045,Laptop 15 Inch 12,39,EA,13019.12,507745.68,A100,0003,TAN,
100,5000000345,000040,MAT00043,Carton Box 11,25,EA,651.05,16276.25,A100,0002,TAN,
100,5000000346,000010,MAT00050,Filing Cabinet 13,44,EA,11006.34,484278.96,A100,0002,TAN,
100,5000000347,000010,MAT00017,USB-C Dock 5,48,EA,2638.44,126645.12,C100,0003,TAN,
100,5000000348,000010,MAT00065,Wireless Keyboard 17,19,EA,5022.51,95427.69,A100,0003,TAN,
100,5000000348,000020,MAT00006,Meeting Table 2,7,EA,13977.7,97843.9,c100,0002,TAN,
100,5000000348,000030,MAT00063 ,Packing Tape 16,16,EA,687.99,11007.84,C100,0002,TAN,
100,5000000348,000040,MAT00032,Safety Helmet 8,39,EA,308.62,12036.18,G100,0003,TAN,
100,5000000349,000010,MAT00026,Filing Cabinet 7,19,EA,,207891.16,A100,0001,TAN,
100,5000000349,000020,MAT00078,Filing Cabinet 20,40,EA,9386.94,375477.6,C100,0002,TAN,
100,5000000349,000030,MAT00069,USB-C Dock 18,21,EA,36289.31,762075.51,A100,0001,TAN,
100,5000000349,000040,MAT00031,Packing Tape 8,13,EA,169.89,2208.57,C100,0003,TAN,
100,5000000350,000010,MAT00078,Filing Cabinet 20,52,EA,,353193.15,C100,0001,TAN,
100,5000000350,000020, MAT00059,Pallet 15,49,EA,252.58,12376.42,C100,0001,TAN,
100,5000000350,000030,MAT00031,Packing Tape 8,50,EA,172.58,8629.0,A100,0002,TAN,
100,5000000350,000040,MAT00038,Office Chair 10,41,EA,4555.84,186789.44,C100,0002,TAN,
100,5000000350,000050,MAT00034,Desk Lamp 9,32,EA,10189.66,326069.12,A100,0001,TAN,
100,5000000351,000010,MAT00072,Safety Gloves 18,15,EA,4773.74,71606.1,A100,0001,TAN,
100,5000000351,000020,MAT00035,Carton Box 9,50,EA,296.96,14848.0,G100,0003,TAN,
100,5000000351,000030,MAT00036,Safety Gloves 9,60,Each,2568.94,154136.4,G100,0002,TAN,
100,5000000352,000010,MAT00007,Stretch Film 2,6,EA,728.66,4371.96,C100,0003,TAN,
100,5000000352,000020,MAT00061,Business Monitor 16,60,EA,16180.64,970838.4,G100,0002,TAN,
100,5000000353,000010,MAT00052,Safety Helmet 13,6,EA,5827.27,34963.62,G100,0003,TAN,
100,5000000353,000020,MAT00045,Laptop 15 Inch 12,50,EA,12328.93,616446.5,C100,0002,TAN,
100,5000000354,000010,MAT00048,Safety Helmet 12,23,Each,1782.43,40995.89,C100,0003,TAN,
100,5000000354,000020,MAT00026,Filing Cabinet 7,22,EA,9845.66,216604.52,A100,0001,TAN,
100,5000000354,000030,MAT00015,Carton Box 4,27,EA,-214.19,5783.13,c100,0001,TAN,
100,5000000355,000010,MAT00072,Safety Gloves 18,56,EA,4537.3,254088.8,C100,0002,TAN,
100,5000000355,000020,MAT00076,Industrial Lubricant 19,26,EA,1971.07,51247.82,C100,0002,TAN,
100,5000000355,000030,MAT00068,Safety Gloves 17,53,PC,6011.01,318583.53,A100,0003,TAN,
100,5000000356,000010,MAT00071,Pallet 18,26,EA,872.97,22697.22,G100,0002,TAN,
100,5000000357,000010,MAT00056,Safety Gloves 14,46,EA,5132.48,236094.08,C100,0001,TAN,
100,5000000357,000020,MAT00038,Office Chair 10,-1,EA,4694.52,262893.12,G100,0001,TAN,
100,5000000357,000030,MAT00076,Industrial Lubricant 19,32,EA,1998.3,63945.6,C100,0002,TAN,
100,5000000357,000040,MAT00003,Packing Tape 1,8,EA,882.21,7057.68,A100,0002,TAN,
100,5000000358,000010,MAT00070,Meeting Table 18,18,EA,5098.77,91777.86,C100,0003,TAN,
100,5000000359,000010,MAT00034,Desk Lamp 9,34,EA,,382365.7,A100,0002,TAN,
100,5000000360,000010,MAT00033,Business Monitor 9,50,EA,22952.88,1147644.0,C100,0002,TAN,
100,5000000360,000020,MAT00038,Office Chair 10,30,EA,4442.62,133278.6,A100,0003,TAN,
100,5000000361,000010,MAT00064,Drill Bit Set 16,56,EA,3335.94,186812.64,A100,0001,TAN,
100,5000000361,000020,MAT00009,Business Monitor 3,19,EA,46961.47,892267.93,C100,0002,TAN,
100,5000000361,000030,MAT00070,Meeting Table 18,48,EA,-5840.42,280340.16,G100,0002,TAN,
100,5000000362,000010,MAT00016,Safety Helmet 4,33,EA,292.71,9659.43,c100,0002,TAN,
100,5000000362,000020,MAT00040,Drill Bit Set 10,22,EA,2993.89,65865.58,A100,0003,TAN,
100,5000000362,000030,MAT00043,Carton Box 11,58,EA,636.18,36898.44,A100,0001,TAN,
100,5000000362,000040,MAT00053,USB-C Dock 14,33,EA,31519.04,1040128.32,A100,0002,TAN,
100,5000000363,000010,MAT00003,Packing Tape 1,7,EA,781.81,5472.67,A100,0003,TAN,
100,5000000363,000020,MAT00074,Standing Desk 19,20,EA,5979.98,119599.6,G100,0001,TAN,
100,5000000364,000010,MAT00067,Stretch Film 17,43,EA,713.66,30687.38,G100,0002,TAN,
100,5000000364,000020,mat00008,Industrial Lubricant 2,27,EA,6315.25,170511.75,G100,0003,TAN,
100,5000000365,000010,MAT00037,Business Monitor 10,12,EA,12195.49,146345.88,G100,0001,TAN,
100,5000000366,000010,mat00011,Bubble Wrap 3,10,EA,29.82,298.2,C100,0001,TAN,
100,5000000366,000020,MAT00023 ,Pallet 6,47,EA,1044.31,49082.57,c100,0001,TAN,
100,5000000366,000030,MAT00079,Packing Tape 20,37,EA,53.31,1972.47,C100,0002,TAN,
100,5000000366,000040,MAT00034,Desk Lamp 9,11,EA,10349.33,113842.63,A100,0003,TAN,
100,5000000367,000010,MAT00043,Carton Box 11,60,EA,565.64,40726.08,G100,0001,TAN,
100,5000000367,000020,MAT00033,Business Monitor 9,19,EA,27478.11,522084.09,G100,0002,TAN,
100,5000000368,000010,MAT00038,Office Chair 10,42,EA,4257.75,178825.5,C100,0001,TAN,
100,5000000369,000010,MAT00061,Business Monitor 16,40,EA,15573.0,622920.0,A100,0003,TAN,
100,5000000370,000010,MAT00019,Carton Box 5,52,EA,859.01,44668.52,G100,0001,TAN,
100,5000000370,000020,MAT00059,Pallet 15,2,EA,251.59,503.18,C100,0003,TAN,
100,5000000370,000030,MAT00016,Safety Helmet 4,39,EA,284.76,11105.64,G100,0001,TAN,
100,5000000370,000040,MAT00056,Safety Gloves 14,24,PC,5962.37,143096.88,A100,0001,TAN,
100,5000000371,000010,MAT99999,Bubble Wrap 3,10,EA,31.36,313.6,G100,0003,TAN,
100,5000000371,000020,MAT00058,Office Chair 15,48,Each,4229.16,202999.68,G100,0003,TAN,
100,5000000372,000010,MAT00032,Safety Helmet 8,4,EA,293.63,1174.52,A100,0003,TAN,
100,5000000373,000010,MAT00024,Tool Kit 6,24,EA,767.17,18412.08,G100,0003,TAN,
100,5000000373,000020,MAT00068,Safety Gloves 17,49,EA,6616.44,324205.56,A100,0001,TAN,
100,5000000373,000030,MAT00019,Carton Box 5,23,EA,893.56,20551.88,A100,0002,TAN,
100,5000000373,000040,MAT00066,Standing Desk 17,48,EA,4383.74,210419.52,C100,0001,TAN,
100,5000000374,000010,MAT00067,Stretch Film 17,52,EA,720.42,37461.84,A100,0003,TAN,
100,5000000374,000020,MAT00020,Tool Kit 5,15,EA,4112.53,61687.95,G100,0003,TAN,
100,5000000374,000030,MAT00051,Bubble Wrap 13,23,EA,853.2,19623.6,G100,0003,TAN,
100,5000000374,000040,MAT00078,Filing Cabinet 20,57,EA,9697.22,552741.54,A100,0002,TAN,
100,5000000375,000010,MAT00044,Tool Kit 11,10,EA,5770.73,57707.3,C100,0003,TAN,
100,5000000376,000010,MAT99999,Safety Gloves 17,37,EA,6152.06,227626.22,G100,0003,TAN,
100,5000000376,000020,MAT00028,Safety Gloves 7,8,EA,5827.0,46616.0,C100,0002,TAN,
100,5000000376,000030,MAT00053,USB-C Dock 14,7,EA,36001.7,252011.9,C100,0001,TAN,
100,5000000376,000040,MAT00079,Packing Tape 20,14,EA,58.44,818.16,C100,0003,TAN,
100,5000000376,000050,MAT00031,Packing Tape 8,23,EA,175.79,4043.17,G100,0002,TAN,
100,5000000377,000010,MAT00072,Safety Gloves 18,4,EA,4018.49,16073.96,A100,0002,TAN,
100,5000000377,000020, MAT00057,Wireless Keyboard 15,17,EA,37369.67,635284.39,G100,0003,TAN,
100,5000000378,000010,MAT00033,Business Monitor 9,52,EA,27310.9,1420166.8,G100,0001,TAN,
100,5000000378,000020,MAT00039,Carton Box 10,18,EA,372.17,6699.06,G100,0002,TAN,
100,5000000378,000030,MAT00041,USB-C Dock 11,57,EA,14248.98,812191.86,C100,0003,TAN,
100,5000000379,000010,MAT00074,Standing Desk 19,57,EA,5341.13,304444.41,A100,0001,TAN,
100,5000000379,000020,MAT00003,Packing Tape 1,35,EA,901.28,31544.8,G100,0003,TAN,
100,5000000379,000030,MAT00059,Pallet 15,9,EA,247.67,2229.03,G100,0003,TAN,
100,5000000379,000040,MAT00077,Business Monitor 20,1,EA,4210.1,4210.1,G100,0001,TAN,
100,5000000379,000050, MAT00047,Stretch Film 12,13,EA,614.41,7987.33,A100,0001,TAN,
100,5000000380,000010,MAT00004,Industrial Lubricant 1,14,EA,4177.59,58486.26,C100,0001,TAN,
100,5000000380,000020,MAT00010,Office Chair 3,17,EA,16471.46,280014.82,C100,0001,TAN,
100,5000000380,000030,MAT00022,Office Chair 6,0,EA,6115.7,244628.0,C100,0002,TAN,
100,5000000380,000040,MAT00033,Business Monitor 9,48,EA,27925.77,1340436.96,A100,0003,TAN,
100,5000000380,000050,MAT00055,Packing Tape 14,52,EA,1307.37,67983.24,G100,0003,TAN,
100,5000000381,000010,MAT00028,Safety Gloves 7,57,EA,5346.36,304742.52,C100,0003,TAN,
100,5000000381,000020,MAT00021,Business Monitor 6,57,EA,30889.07,1760676.99,G100,0002,TAN,
100,5000000382,000010,MAT00018,Filing Cabinet 5,21,EA,3238.58,68010.18,A100,0003,TAN,
100,5000000383,000010,MAT00005,USB-C Dock 2,2,EA,,18520.11,G100,0002,TAN,
100,5000000384,000010,MAT00012,Drill Bit Set 3,41,EA,4728.99,193888.59,A100,0003,TAN,
100,5000000384,000020,MAT00078,Filing Cabinet 20,46,EA,-8713.23,400808.58,A100,0002,TAN,
100,5000000385,000010,MAT00062,Office Chair 16,5,EA,16883.31,84416.55,C100,0001,TAN,
100,5000000385,000020,MAT00040,Drill Bit Set 10,3,EA,3106.8,9320.4,A100,0001,TAN,
100,5000000385,000030,MAT00011,Bubble Wrap 3,38,EA,28.73,1091.74,A100,0002,TAN,
100,5000000386,000010,MAT00078,Filing Cabinet 20,45,EA,9926.65,446699.25,A100,0002,TAN,
100,5000000386,000020,MAT00015,Carton Box 4,27,EA,192.84,5206.68,C100,0002,TAN,
100,5000000387,000010,MAT00068,Safety Gloves 17,0,EA,6756.03,189168.84,C100,0002,TAN,
100,5000000388,000010,MAT00027,Packing Tape 7,27,EA,910.9,24594.3,G100,0001,TAN,
100,5000000388,000020,MAT00052,Safety Helmet 13,38,ea,5558.31,211215.78,G100,0002,TAN,
100,5000000389,000010,MAT00037,Business Monitor 10,31,EA,11815.25,366272.75,C100,0002,TAN,
100,5000000389,000020,MAT00026,Filing Cabinet 7,19,EA,9655.71,183458.49,C100,0003,TAN,
100,5000000389,000030,MAT00034,Desk Lamp 9,6,EA,,66224.22,C100,0003,TAN,
100,5000000389,000040,MAT00042,Desk Lamp 11,14,EA,4102.25,57431.5,C100,0003,TAN,
100,5000000389,000050,MAT00010,Office Chair 3,15,EA,14994.04,224910.6,A100,0003,TAN,
100,5000000390,000010,MAT00073,USB-C Dock 19,15,EA,6095.38,91430.7,C100,0002,TAN,
100,5000000390,000020,MAT00023,Pallet 6,30,EA ,1029.7,30891.0,A100,0001,TAN,
100,5000000390,000030,MAT00045,Laptop 15 Inch 12,13,EA,12499.5,162493.5,C100,0001,TAN,
100,5000000390,000040,MAT00028,Safety Gloves 7,32,EA,-5459.05,174689.6,A100,0001,TAN,
100,5000000391,000010,MAT00013,Business Monitor 4,51,EA,35066.11,1788371.61,A100,0002,TAN,
100,5000000392,000010,MAT00072,Safety Gloves 18,51,EA,4099.19,209058.69,C100,0001,TAN,
100,5000000392,000020,MAT00063,Packing Tape 16,59,EA,609.67,35970.53,C100,0001,TAN,
100,5000000392,000030,MAT00020,Tool Kit 5,56,EA,4040.28,226255.68,G100,0002,TAN,
100,5000000393,000010,MAT00002,Desk Lamp 1,31,EA,7957.3,246676.3,G100,0003,TAN,
100,5000000394,000010,MAT00002,Desk Lamp 1,27,EA,6872.7,185562.9,G100,0001,TAN,
100,5000000394,000020,MAT00052,Safety Helmet 13,11,EA,-5677.98,62457.78,C100,0002,TAN,
100,5000000395,000010,MAT00006,Meeting Table 2,45,EA,13222.98,595034.1,A100,0001,TAN,
100,5000000395,000020,MAT00063,Packing Tape 16,6,EA,668.77,4012.62,C100,0002,TAN,
100,5000000395,000030,MAT99999,Laptop 15 Inch 12,7,EA,12541.56,87790.92,A100,0001,TAN,
100,5000000395,000040,MAT99999,Carton Box 9,18,EA,316.11,5689.98,C100,0002,TAN,
100,5000000395,000050,MAT00049,Laptop 15 Inch 13,26,EA,12383.54,321972.04,G100,0002,TAN,
100,5000000396,000010,MAT00051,Bubble Wrap 13,15,EA,-864.33,12964.95,A100,0003,TAN,
100,5000000396,000020,MAT00013,Business Monitor 4,42,EA,31296.7,1314461.4,G100,0001,TAN,
100,5000000396,000030,MAT00068,Safety Gloves 17,12,EA,6576.17,78914.04,G100,0001,TAN,
100,5000000397,000010,MAT00051,Bubble Wrap 13,5,EA,984.62,4923.1,A100,0001,TAN,
100,5000000397,000020,MAT00047,Stretch Film 12,35,EA ,572.52,20038.2,A100,0001,TAN,
100,5000000398,000010,MAT00072,Safety Gloves 18,24,EA,3874.7,92992.8,G100,0002,TAN,
100,5000000398,000020,MAT00037,Business Monitor 10,21,EA,14081.82,295718.22,C100,0001,TAN,
100,5000000399,000010,mat00053,USB-C Dock 14,41,EA,33833.51,1387173.91,A100,0001,TAN,
100,5000000399,000020,MAT00080,Tool Kit 20,49,EA,2852.17,139756.33,A100,0003,TAN,
100,5000000399,000030,MAT00012,Drill Bit Set 3,31,EA,4567.24,141584.44,G100,0003,TAN,
100,5000000399,000040,MAT00029,Wireless Keyboard 8,15,ea,33244.8,498672.0,C100,0002,TAN,
100,5000000399,000050,MAT00040,Drill Bit Set 10,46,EA,3647.55,167787.3,C100,0001,TAN,
100,5000000400,000010,MAT00055,Packing Tape 14,27,EA,1292.16,34888.32,G100,0002,TAN,
100,5000000400,000020,MAT00022,Office Chair 6,51,EA,6958.69,354893.19,G100,0002,TAN,
100,5000000400,000030,MAT00031,Packing Tape 8,46,EA,173.62,7986.52,A100,0002,TAN,
100,5000000400,000040,MAT00035,Carton Box 9,55,EA,272.1,14965.5,G100,0003,TAN,
100,5000000401,000010,MAT00010,Office Chair 3,15,EA,17139.32,257089.8,C100,0001,TAN,
100,5000000401,000020, MAT00018,Filing Cabinet 5,58,EA,2948.53,171014.74,A100,0001,TAN,
100,5000000402,000010,MAT00057,Wireless Keyboard 15,31,EA,31791.48,985535.88,G100,0001,TAN,
100,5000000402,000020,MAT00048,Safety Helmet 12,8,EA,1784.55,14276.4,C100,0003,TAN,
100,5000000402,000030,MAT00042 ,Desk Lamp 11,57,EA,3952.87,270376.31,G100,0002,TAN,
100,5000000402,000040,MAT00021,Business Monitor 6,8,EA,31158.26,249266.08,A100,0003,TAN,
100,5000000403,000010,MAT00035,Carton Box 9,10,Each,282.55,2825.5,A100,0002,TAN,
100,5000000403,000020,MAT99999,Industrial Lubricant 2,52,EA,7452.66,387538.32,G100,0003,TAN,
100,5000000403,000030,MAT00041,USB-C Dock 11,52,EA,15601.03,811253.56,A100,0001,TAN,
100,5000000403,000040,MAT00079,Packing Tape 20,7,EA,53.23,372.61,A100,0002,TAN,
100,5000000404,000010,MAT00059,Pallet 15,49,EA,254.05,12448.45,G100,0001,TAN,
100,5000000404,000020,MAT00067,Stretch Film 17,54,EA,759.64,41020.56,G100,0002,TAN,
100,5000000404,000030,MAT00077,Business Monitor 20,33,EA,4378.08,144476.64,A100,0003,TAN,
100,5000000404,000040,MAT00034,Desk Lamp 9,48,EA,11149.03,535153.44,A100,0003,TAN,
100,5000000405,000010,MAT00067,Stretch Film 17,-1,EA,674.69,9445.66,G100,0002,TAN,
100,5000000405,000020,MAT00059,Pallet 15,51,EA,230.45,11752.95,A100,0002,TAN,
100,5000000405,000030,MAT00073,USB-C Dock 19,21,PC,5882.32,123528.72,G100,0001,TAN,
100,5000000405,000040,MAT00078,Filing Cabinet 20,26,EA,9642.1,250694.6,G100,0003,TAN,
100,5000000405,000050,MAT00002,Desk Lamp 1,15,EA,8381.22,125718.3,C100,0003,TAN,
100,5000000406,000010,MAT00044,Tool Kit 11,30,EA,5760.36,172810.8,G100,0003,TAN,
100,5000000406,000020,MAT00046,Meeting Table 12,12,EA,15745.19,188942.28,G100,0001,TAN,
100,5000000406,000030,MAT00034,Desk Lamp 9,12,EA,11171.5,134058.0,A100,0001,TAN,
100,5000000407,000010,MAT00022,Office Chair 6,27,EA,-7157.52,193253.04,C100,0002,TAN,
100,5000000407,000020,MAT00057,Wireless Keyboard 15,28,PC,34585.97,968407.16,C100,0002,TAN,
100,5000000407,000030,MAT00070,Meeting Table 18,35,EA,,208217.45,G100,0001,TAN,
100,5000000407,000040,MAT99999,Desk Lamp 1,22,EA,6853.13,150768.86,C100,0003,TAN,
100,5000000408,000010,MAT00042,Desk Lamp 11,52,EA,3630.95,188809.4,A100,0001,TAN,
100,5000000409,000010,MAT00073,USB-C Dock 19,48,EA,6031.59,289516.32,C100,0003,TAN,
100,5000000409,000020,MAT00071,Pallet 18,16,EA,829.55,13272.8,c100,0001,TAN,
100,5000000409,000030,MAT00049,Laptop 15 Inch 13,-5,EA,13519.71,432630.72,C100,0003,TAN,
100,5000000409,000040,MAT00051,Bubble Wrap 13,25,EA,957.03,23925.75,G100,0001,TAN,
100,5000000410,000010,MAT00026,Filing Cabinet 7,50,EA,10547.53,527376.5,G100,0003,TAN,
100,5000000410,000020,MAT00076,Industrial Lubricant 19,29,EA,2152.2,62413.8,G100,0002,TAN,
100,5000000410,000030,MAT00029,Wireless Keyboard 8,9,EA,32371.46,291343.14,A100,0003,TAN,
100,5000000411,000010,MAT00058,Office Chair 15,52,EA,5004.86,260252.72,C100,0003,TAN,
100,5000000411,000020,MAT99999,Office Chair 16,60,EA,17039.03,1022341.8,C100,0003,TAN,
100,5000000411,000030,MAT00042,Desk Lamp 11,-5,EA,4211.65,130561.15,A100,0001,TAN,
100,5000000412,000010,MAT00055,Packing Tape 14,27,EA,1179.79,31854.33,X999,0002,TAN,
100,5000000412,000020,MAT00059,Pallet 15,21,EA,252.6,5304.6,,0002,TAN,
100,5000000412,000030,mat00008,Industrial Lubricant 2,50,EA,6742.01,337100.5,A100,0001,TAN,
100,5000000413,000010,MAT00003,Packing Tape 1,44,EA,770.05,33882.2,G100,0003,TAN,
100,5000000413,000020,MAT00006,Meeting Table 2,42,EA,13358.71,561065.82,A100,0002,TAN,
100,5000000413,000030,MAT00079,Packing Tape 20,57,EA,55.6,3169.2,C100,0001,TAN,
100,5000000413,000040,MAT00036,Safety Gloves 9,12,EA,2984.88,35818.56,G100,0002,TAN,
100,5000000414,000010,MAT00073,USB-C Dock 19,48,EA,6010.03,288481.44,G100,0002,TAN,
100,5000000414,000020,MAT00068,Safety Gloves 17,49,EA,7034.6,344695.4,G100,0003,TAN,
100,5000000414,000030,MAT00013,Business Monitor 4,54,EA,34933.79,1886424.66,A100,0003,TAN,
100,5000000415,000010,MAT00013,Business Monitor 4,45,EA,30533.19,1373993.55,A100,0001,TAN,
100,5000000415,000020,MAT00058,Office Chair 15,16,EA,4925.73,78811.68,A100,0001,TAN,
100,5000000415,000030,MAT00023,Pallet 6,16,EA,1004.61,16073.76,C100,0002,TAN,
100,5000000415,000040,MAT00017,USB-C Dock 5,4,EA,2671.24,10684.96,G100,0002,TAN,
100,5000000416,000010,MAT00052,Safety Helmet 13,52,EA,5627.28,292618.56,A100,0001,TAN,
100,5000000416,000020,MAT00066,Standing Desk 17,20,EA,4782.79,95655.8,C100,0002,TAN,
100,5000000416,000030,MAT00042,Desk Lamp 11,34,EA,4137.16,140663.44,A100,0003,TAN,
100,5000000416,000040,MAT00026,Filing Cabinet 7,28,EA,9545.23,267266.44,A100,0002,TAN,
100,5000000416,000050,MAT00028,Safety Gloves 7,-5,EA,5779.53,127149.66,C100,0003,TAN,
100,5000000417,000010,MAT00007,Stretch Film 2,14,Each,825.23,11553.22,X999,0003,TAN,
100,5000000417,000020,MAT00010,Office Chair 3,58,EA,,792152.86,C100,0002,TAN,
100,5000000417,000030,MAT00080,Tool Kit 20,5,EA,2846.77,14233.85,C100,0001,TAN,
100,5000000417,000040,MAT00017 ,USB-C Dock 5,12,EA,2756.81,33081.72,G100,0001,TAN,
100,5000000418,000010,MAT00078,Filing Cabinet 20,58,EA,9508.28,551480.24,C100,0002,TAN,
100,5000000418,000020, MAT00064,Drill Bit Set 16,41,EA,3196.21,157253.53,A100,0001,TAN,
100,5000000418,000030,MAT00052,Safety Helmet 13,1,EA,6294.1,6294.1,C100,0001,TAN,
100,5000000419,000010,MAT00008,Industrial Lubricant 2,12,EA,7326.96,131885.28,A100,0003,TAN,
100,5000000420,000010,MAT00002,Desk Lamp 1,51,EA,8214.68,418948.68,A100,0002,TAN,
100,5000000420,000020,MAT00006,Meeting Table 2,20,EA,13514.68,270293.6,G100,0003,TAN,
100,5000000421,000010,MAT00033,Business Monitor 9,47,EA,24409.74,1147257.78,G100,0001,TAN,
100,5000000421,000020,MAT00076,Industrial Lubricant 19,55,EA,1983.18,109074.9,A100,0001,TAN,
100,5000000421,000030,MAT99999,Carton Box 9,48,EA,261.51,12552.48,G100,0002,TAN,
100,5000000422,000010,MAT00035 ,Carton Box 9,37,EA,264.01,9768.37,G100,0002,TAN,
100,5000000422,000020,MAT00014,Filing Cabinet 4,44,EA,11216.36,493519.84,A100,0003,TAN,
100,5000000422,000030,MAT00029,Wireless Keyboard 8,48,EA,30782.35,1477552.8,A100,0001,TAN,
100,5000000423,000010,MAT00080,Tool Kit 20,29,EA,2687.04,77924.16,A100,0001,TAN,
100,5000000423,000020,MAT00006,Meeting Table 2,19,EA,12788.23,242976.37,C100,0002,TAN,
100,5000000423,000030,MAT00044,Tool Kit 11,21,EA,5411.59,113643.39,A100,0003,TAN,
100,5000000423,000040,MAT00008,Industrial Lubricant 2,24,EA,6228.38,149481.12,A100,0001,TAN,
100,5000000423,000050,MAT00078,Filing Cabinet 20,5,EA,9449.19,47245.95,C100,0002,TAN,
100,5000000424,000010,MAT99999,Filing Cabinet 7,-1,EA,-10552.97,84423.76,C100,0003,TAN,
100,5000000424,000020,MAT00008,Industrial Lubricant 2,55,EA,6154.22,270785.68,A100,0003,TAN,
100,5000000425,000010,MAT00035,Carton Box 9,16,EA,314.79,5036.64,C100,0002,TAN,
100,5000000425,000020,MAT00028,Safety Gloves 7,57,EA,5660.17,322629.69,G100,0003,TAN,
100,5000000425,000030,MAT00041,USB-C Dock 11,40,EA,15045.22,601808.8,G100,0003,TAN,
100,5000000425,000040,mat00040,Drill Bit Set 10,44,EA,3427.26,150799.44,G100,0002,TAN,
100,5000000426,000010,MAT00013,Business Monitor 4,23,EA,34422.47,791716.81,C100,0003,TAN,
100,5000000426,000020,MAT00047,Stretch Film 12,41,EA,,24381.47,A100,0002,TAN,
100,5000000426,000030,MAT00066,Standing Desk 17,29,Each,4571.29,159080.89,C100,0001,TAN,
100,5000000426,000040,MAT00009,Business Monitor 3,27,EA,43924.83,1185970.41,A100,0003,TAN,
100,5000000427,000010,MAT00049,Laptop 15 Inch 13,44,EA,12236.45,538403.8,G100,0001,TAN,
100,5000000427,000020, MAT00076,Industrial Lubricant 19,0,EA,2161.5,82137.0,G100,0001,TAN,
100,5000000427,000030,MAT00016,Safety Helmet 4,11,EA,281.77,3099.47,C100,0001,TAN,
100,5000000428,000010,MAT00026,Filing Cabinet 7,7,EA,11361.6,79531.2,A100,0002,TAN,
100,5000000429,000010,MAT00032,Safety Helmet 8,44,EA,305.79,13454.76,G100,0002,TAN,
100,5000000429,000020,MAT00055,Packing Tape 14,39,EA,1092.66,63920.61,G100,0003,TAN,
100,5000000429,000030,MAT00051,Bubble Wrap 13,36,EA,971.3,34966.8,C100,0001,TAN,
100,5000000429,000040,MAT00065,Wireless Keyboard 17,6,EA,4496.13,26976.78,A100,0001,TAN,
100,5000000430,000010,MAT00042,Desk Lamp 11,25,EA,4229.86,105746.5,G100,0003,TAN,
100,5000000430,000020,MAT00034,Desk Lamp 9,1,EA,9744.02,9744.02,G100,0003,TAN,
100,5000000430,000030,MAT00058,Office Chair 15,37,EA,-4877.64,180472.68,G100,0001,TAN,
100,5000000430,000040,MAT00062,Office Chair 16,7,EA,14267.86,99875.02,C100,0001,TAN,
100,5000000430,000050,MAT00066,Standing Desk 17,50,EA,5036.37,251818.5,G100,0001,TAN,
100,5000000431,000010,MAT00027,Packing Tape 7,43,EA,889.89,38265.27,G100,0002,TAN,
100,5000000431,000020,MAT00009 ,Business Monitor 3,9,EA,41320.96,371888.64,C100,0003,TAN,
100,5000000432,000010,MAT00034,Desk Lamp 9,21,EA,-10271.28,215696.88,C100,0001,TAN,
100,5000000433,000010,MAT00016,Safety Helmet 4,15,EA,312.01,4680.15,C100,0003,TAN,
100,5000000433,000020,MAT00018,Filing Cabinet 5,58,EA,3242.16,188045.28,A100,0002,TAN,
100,5000000433,000030,MAT00033,Business Monitor 9,21,EA,26559.37,446197.42,G100,0003,TAN,
100,5000000434,000010,MAT00008,Industrial Lubricant 2,19,EA,7169.52,136220.88,C100,0002,TAN,
100,5000000435,000010,MAT00046,Meeting Table 12,49,EA,15666.3,767648.7,G100,0001,TAN,
100,5000000435,000020,MAT00065,Wireless Keyboard 17,32,EA,4955.59,158578.88,G100,0001,TAN,
100,5000000435,000030,MAT00045,Laptop 15 Inch 12,42,EA,10963.96,460486.32,C100,0001,TAN,
100,5000000435,000040,MAT00074,Standing Desk 19,39,EA,6128.67,286821.76,G100,0003,TAN,
100,5000000436,000010,MAT00059,Pallet 15,18,ea,237.17,4269.06,G100,0001,TAN,
100,5000000436,000020,MAT00024,Tool Kit 6,51,EA,779.69,39764.19,A100,0001,TAN,
100,5000000436,000030,MAT00013,Business Monitor 4,5,EA,33208.71,166043.55,G100,0003,TAN,
100,5000000436,000040,MAT00046,Meeting Table 12,47,EA,15872.11,745989.17,C100,0001,TAN,
100,5000000437,000010,MAT00026,Filing Cabinet 7,48,EA,11243.19,539673.12,C100,0001,TAN,
100,5000000437,000020,MAT00033,Business Monitor 9,37,EA,26854.48,993615.76,A100,0003,TAN,
100,5000000437,000030, MAT00003,Packing Tape 1,34,EA,881.76,29979.84,C100,0002,TAN,
100,5000000437,000040,MAT00045,Laptop 15 Inch 12,8,EA,11888.0,95104.0,C100,0002,TAN,
100,5000000437,000050,MAT00060,Tool Kit 15,45,EA,2094.16,141355.8,C100,0001,TAN,
100,5000000438,000010,MAT00023,Pallet 6,38,EA,1088.66,41369.08,A100,0002,TAN,
100,5000000438,000020,MAT00018,Filing Cabinet 5,5,EA,3377.86,16889.3,C100,0002,TAN,
100,5000000438,000030,MAT00011,Bubble Wrap 3,52,EA,30.42,1581.84,C100,0002,TAN,
100,5000000438,000040,MAT00079,Packing Tape 20,15,EA,51.3,769.5,C100,0003,TAN,
100,5000000438,000050,MAT00034,Desk Lamp 9,5,EA,10122.02,50610.1,C100,0002,TAN,
100,5000000439,000010,MAT00030,Standing Desk 8,17,EA,6341.84,107811.28,A100,0002,TAN,
100,5000000439,000020,MAT00038,Office Chair 10,8,EA,4368.05,34944.4,G100,0003,TAN,
100,5000000439,000030,MAT00078,Filing Cabinet 20,52,PC,9918.76,618930.62,A100,0002,TAN,
100,5000000440,000010,MAT00061,Business Monitor 16,43,EA,,643067.58,A100,0003,TAN,
100,5000000440,000020,MAT00042,Desk Lamp 11,23,EA,3736.37,85936.51,C100,0001,TAN,
100,5000000440,000030,MAT00036,Safety Gloves 9,55,EA,2616.1,143885.5,C100,0001,TAN,
100,5000000440,000040,mat00010,Office Chair 3,50,EA,16488.75,824437.5,A100,0002,TAN,
100,5000000440,000050,MAT00063,Packing Tape 16,7,EA ,609.92,4269.44,G100,0002,TAN,
100,5000000441,000010,MAT00046,Meeting Table 12,55,EA,17755.16,976533.8,A100,0002,TAN,
100,5000000441,000020,MAT00073 ,USB-C Dock 19,38,ea,5372.67,204161.46,A100,0003,TAN,
100,5000000441,000030,MAT00024,Tool Kit 6,40,PC,759.52,30380.8,A100,0002,TAN,
100,5000000441,000040,MAT00004,Industrial Lubricant 1,38,EA,4137.94,157241.72,C100,0001,TAN,
100,5000000442,000010,MAT00067,Stretch Film 17,52,EA,659.5,34294.0,A100,0003,TAN,
100,5000000442,000020,MAT00071,Pallet 18,22,EA,751.31,16528.82,C100,0003,TAN,
100,5000000442,000030,MAT00008,Industrial Lubricant 2,-1,EA,7032.43,239102.62,A100,0003,TAN,
100,5000000442,000040,MAT00049 ,Laptop 15 Inch 13,14,EA,13410.97,187753.58,C100,0001,TAN,
100,5000000443,000010,MAT00045,Laptop 15 Inch 12,11,EA,12777.54,210829.41,A100,0003,TAN,
100,5000000443,000020,MAT00022,Office Chair 6,47,EA,6977.5,327942.5,G100,0003,TAN,
100,5000000443,000030,MAT00066,Standing Desk 17,59,EA,4816.64,284181.76,G100,0003,TAN,
100,5000000443,000040,MAT00040,Drill Bit Set 10,14,EA,3311.03,46354.42,G100,0003,TAN,
100,5000000443,000050,MAT00014,Filing Cabinet 4,56,EA,,626177.44,G100,0001,TAN,
100,5000000444,000010,MAT00080,Tool Kit 20,57,EA,2738.09,156071.13,G100,0002,TAN,
100,5000000444,000020,MAT00078,Filing Cabinet 20,9,EA,8337.39,75036.51,C100,0001,TAN,
100,5000000444,000030,MAT00073,USB-C Dock 19,48,EA,6259.11,300437.28,C100,0002,TAN,
100,5000000445,000010,MAT00009,Business Monitor 3,23,EA,,933483.06,G100,0002,TAN,
100,5000000445,000020,MAT00018,Filing Cabinet 5,32,EA,3530.82,112986.24,G100,0002,TAN,
100,5000000445,000030,MAT00019,Carton Box 5,20,EA,981.9,19638.0,C100,0001,TAN,
100,5000000445,000040,MAT00014,Filing Cabinet 4,1,EA,10112.77,10112.77,A100,0001,TAN,
100,5000000446,000010,MAT00046,Meeting Table 12,-5,EA,18011.26,486304.02,A100,0001,TAN,
100,5000000447,000010,MAT00046,Meeting Table 12,35,EA,17139.06,599867.1,A100,0002,TAN,
100,5000000447,000020,MAT00071,Pallet 18,31,EA,830.06,25731.86,G100,0003,TAN,
100,5000000447,000030,MAT00059,Pallet 15,58,EA,249.41,14465.78,A100,0002,TAN,
100,5000000447,000040,MAT00044,Tool Kit 11,37,ea,5038.64,186429.68,C100,0001,TAN,
100,5000000448,000010,MAT00011,Bubble Wrap 3,23,EA,30.32,697.36,G100,0001,TAN,
100,5000000448,000020,MAT00004,Industrial Lubricant 1,25,EA,4434.53,110863.25,G100,0003,TAN,
100,5000000448,000030,MAT00009,Business Monitor 3,30,EA,42072.31,1262169.3,G100,0003,TAN,
100,5000000448,000040,MAT00080,Tool Kit 20,20,EA,2444.74,48894.8,G100,0003,TAN,
100,5000000448,000050,MAT00078,Filing Cabinet 20,35,EA,8349.59,292235.65,C100,0001,TAN,
100,5000000449,000010,MAT00061 ,Business Monitor 16,59,Each,14080.9,830773.1,G100,0001,TAN,
100,5000000449,000020,MAT00025,Barcode Scanner 7,42,EA,21328.66,895803.72,G100,0003,TAN,
100,5000000449,000030,MAT00013,Business Monitor 4,38,EA,31419.14,1193927.32,G100,0001,TAN,
100,5000000449,000040,MAT00016,Safety Helmet 4,18,EA,268.57,4834.26,G100,0001,TAN,
100,5000000450,000010,MAT00054,Office Chair 14,51,EA,5031.27,256594.77,A100,0001,TAN,
100,5000000450,000020,mat00048,Safety Helmet 12,45,EA,1800.5,81022.5,C100,0001,TAN,
100,5000000450,000030,MAT00019,Carton Box 5,59,EA,,57366.29,C100,0001,TAN,
100,5000000450,000040,MAT00008,Industrial Lubricant 2,57,EA,6529.79,372198.03,G100,0001,TAN,
100,5000000451,000010,MAT00071,Pallet 18,51,EA,746.81,38087.31,G100,0001,TAN,
100,5000000451,000020,MAT00033,Business Monitor 9,37,EA,26461.16,979062.92,C100,0001,TAN,
100,5000000451,000030,MAT00049,Laptop 15 Inch 13,26,EA,13858.31,360316.06,C100,0002,TAN,
100,5000000451,000040,MAT00034,Desk Lamp 9,27,EA,10413.27,281158.29,C100,0003,TAN,
100,5000000451,000050,MAT00072,Safety Gloves 18,9,EA,4526.51,40738.59,C100,0002,TAN,
100,5000000452,000010,MAT00006,Meeting Table 2,41,EA,12422.97,509341.77,C100,0003,TAN,
100,5000000452,000020,MAT00011,Bubble Wrap 3,9,EA,28.83,259.47,A100,0003,TAN,
100,5000000453,000010,MAT00026,Filing Cabinet 7,7,EA,,69071.45,C100,0001,TAN,
100,5000000453,000020,MAT00003,Packing Tape 1,28,EA,908.09,25426.52,G100,0001,TAN,
100,5000000454,000010,MAT00063,Packing Tape 16,19,EA,663.66,12609.54,G100,0002,TAN,
100,5000000455,000010,MAT00050,Filing Cabinet 13,16,EA,10396.88,166350.08,C100,0001,TAN,
100,5000000456,000010,MAT00013,Business Monitor 4,49,EA,29607.96,1450790.04,A100,0001,TAN,
100,5000000456,000020,mat00045,Laptop 15 Inch 12,5,EA,12583.15,62915.75,A100,0001,TAN,
100,5000000457,000010, MAT00034,Desk Lamp 9,-5,EA,9496.39,142445.85,C100,0001,TAN,
100,5000000457,000020,MAT99999,Safety Helmet 8,57,EA,291.53,16617.21,C100,0002,TAN,
100,5000000457,000030,MAT00005,USB-C Dock 2,47,EA,6216.79,292189.13,G100,0001,TAN,
100,5000000457,000040,MAT00037,Business Monitor 10,43,EA,13321.8,572837.4,G100,0001,TAN,
100,5000000458,000010,MAT00062,Office Chair 16,34,EA,14698.94,499763.96,A100,0002,TAN,
100,5000000458,000020,MAT00044,Tool Kit 11,23,EA,5740.78,132037.94,A100,0003,TAN,
100,5000000458,000030,MAT00047,Stretch Film 12,33,EA,592.73,19560.09,C100,0001,TAN,
100,5000000459,000010,MAT00080,Tool Kit 20,-1,EA,2378.7,2378.7,A100,0002,TAN,
100,5000000459,000020,MAT00050,Filing Cabinet 13,31,EA,9539.48,295723.88,C100,0003,TAN,
100,5000000459,000030,MAT00068,Safety Gloves 17,57,EA,,381790.56,A100,0001,TAN,
100,5000000459,000040,MAT00038,Office Chair 10,12,EA,4211.66,50539.92,A100,0003,TAN,
100,5000000459,000050,MAT00032,Safety Helmet 8,10,EA,307.51,3075.1,G100,0002,TAN,
100,5000000460,000010,MAT00039,Carton Box 10,43,EA,336.49,14469.07,G100,0002,TAN,
100,5000000461,000010,MAT00058,Office Chair 15,18,EA,-5083.01,91494.18,A100,0002,TAN,
100,5000000461,000020,MAT00035,Carton Box 9,46,EA,265.44,12210.24,A100,0003,TAN,
100,5000000461,000030,MAT00037,Business Monitor 10,55,EA,12393.45,681639.75,G100,0002,TAN,
100,5000000461,000040,MAT00026,Filing Cabinet 7,6,Each,11398.13,68388.78,A100,0002,TAN,
100,5000000461,000050,MAT00049,Laptop 15 Inch 13,10,EA,13213.34,132133.4,X999,0003,TAN,
100,5000000462,000010,MAT00078,Filing Cabinet 20,39,EA,8726.43,340330.77,A100,0002,TAN,
100,5000000463,000010,MAT00061,Business Monitor 16,7,EA,15723.62,110065.34,G100,0002,TAN,
100,5000000463,000020,MAT00069,USB-C Dock 18,12,EA,33739.56,404874.72,G100,0002,TAN,
100,5000000463,000030,MAT00030,Standing Desk 8,21,EA,5422.25,113867.25,C100,0001,TAN,
100,5000000464,000010,MAT00021,Business Monitor 6,59,ea,30896.6,1822899.4,C100,0003,TAN,
100,5000000465,000010,MAT00046 ,Meeting Table 12,44,EA,18763.48,825593.12,A100,0002,TAN,
100,5000000465,000020,MAT00026,Filing Cabinet 7,54,EA,11179.62,603699.48,G100,0002,TAN,
100,5000000465,000030, MAT00075,Carton Box 19,32,EA,781.4,25004.8,C100,0003,TAN,
100,5000000465,000040,MAT00030,Standing Desk 8,40,EA,6274.82,376489.2,A100,0001,TAN,
100,5000000466,000010,MAT00030,Standing Desk 8,4,EA,6348.26,25393.04,A100,0002,TAN,
100,5000000466,000020,MAT00031,Packing Tape 8,43,EA,162.89,7004.27,A100,0001,TAN,
100,5000000466,000030,MAT00071,Pallet 18,23,EA,852.89,19616.47,G100,0001,TAN,
100,5000000466,000040,MAT00043,Carton Box 11,11,EA,572.38,6296.18,C100,0002,TAN,
100,5000000467,000010,MAT00032 ,Safety Helmet 8,52,EA,329.89,17154.28,C100,0001,TAN,
100,5000000467,000020,MAT00010,Office Chair 3,56,EA,14012.8,784716.8,A100,0002,TAN,
100,5000000467,000030,MAT00031,Packing Tape 8,20,EA,151.81,3036.2,A100,0003,TAN,
100,5000000467,000040,MAT00008,Industrial Lubricant 2,50,EA,6420.58,321029.0,G100,0001,TAN,
100,5000000467,000050,MAT00037,Business Monitor 10,32,EA,13295.68,425461.76,C100,0003,TAN,
100,5000000468,000010,MAT00002,Desk Lamp 1,20,EA,7106.74,142134.8,G100,0001,TAN,
100,5000000469,000010,MAT00004,Industrial Lubricant 1,32,EA,4888.92,156445.44,C100,0001,TAN,
100,5000000470,000010,MAT00056,Safety Gloves 14,60,EA,6236.08,374164.8,A100,0001,TAN,
100,5000000470,000020,MAT00046,Meeting Table 12,18,EA,17800.0,480600.0,C100,0003,TAN,
100,5000000470,000030,MAT00045,Laptop 15 Inch 12,5,EA,11866.99,59334.95,G100,0002,TAN,
100,5000000470,000040,MAT00005,USB-C Dock 2,22,EA,5451.4,119930.8,C100,0002,TAN,
100,5000000471,000010,MAT00024,Tool Kit 6,33,EA,779.97,25739.01,G100,0003,TAN,
100,5000000471,000020,MAT00039,Carton Box 10,8,EA,359.91,2879.28,G100,0002,TAN,
100,5000000472,000010,MAT00077,Business Monitor 20,37,EA,4113.12,152185.44,A100,0002,TAN,
100,5000000473,000010,MAT00003,Packing Tape 1,40,EA,765.54,30621.6,A100,0003,TAN,
100,5000000473,000020,MAT00078,Filing Cabinet 20,31,EA,8392.32,260161.92,C100,0001,TAN,
100,5000000473,000030,MAT00069,USB-C Dock 18,6,EA,37418.4,224510.4,G100,0001,TAN,
100,5000000474,000010,MAT00020,Tool Kit 5,52,EA,4249.23,220959.96,G100,0002,TAN,
100,5000000474,000020,MAT00035,Carton Box 9,50,EA,279.34,13967.0,A100,0001,TAN,
100,5000000474,000030,MAT00036,Safety Gloves 9,5,EA,2845.21,14226.05,A100,0001,TAN,
100,5000000475,000010,MAT00053,USB-C Dock 14,58,EA,33839.97,1962718.26,A100,0002,TAN,
100,5000000475,000020,MAT00059,Pallet 15,14,EA,268.12,3753.68,A100,0003,TAN,
100,5000000475,000030,MAT00066,Standing Desk 17,4,EA,5079.56,20318.24,G100,0002,TAN,
100,5000000476,000010,MAT00068,Safety Gloves 17,51,EA,7182.36,366300.36,C100,0003,TAN,
100,5000000476,000020,MAT00070,Meeting Table 18,21,EA,5243.9,110121.9,C100,0001,TAN,
100,5000000476,000030,MAT00067,Stretch Film 17,22,EA,752.43,16553.46,G100,0002,TAN,
100,5000000477,000010,MAT00075,Carton Box 19,43,EA,900.4,38717.2,G100,0003,TAN,
100,5000000477,000020,MAT00046,Meeting Table 12,45,EA,15883.88,714774.6,A100,0001,TAN,
100,5000000477,000030,MAT00062,Office Chair 16,53,EA,14780.96,783390.88,A100,0002,TAN,
100,5000000477,000040,MAT00056,Safety Gloves 14,18,EA,5958.27,107248.86,A100,0003,TAN,
100,5000000477,000050,MAT00038,Office Chair 10,6,EA,4916.34,29498.04,C100,0003,TAN,
100,5000000478,000010,MAT00058,Office Chair 15,20,EA,4629.28,92585.6,A100,0001,TAN,
100,5000000478,000020,MAT00067,Stretch Film 17,11,EA,712.26,7834.86,C100,0002,TAN,
100,5000000478,000030,MAT00038,Office Chair 10,25,EA,4869.07,121726.75,C100,0001,TAN,
100,5000000479,000010,MAT00047,Stretch Film 12,37,EA,663.87,24563.19,G100,0002,TAN,
100,5000000479,000020,MAT00029,Wireless Keyboard 8,57,EA,28907.24,1647712.68,C100,0001,TAN,
100,5000000479,000030,MAT00013,Business Monitor 4,16,EA,30430.03,486880.48,C100,0002,TAN,
100,5000000479,000040,MAT00053,USB-C Dock 14,7,EA,31761.94,222333.58,G100,0001,TAN,
100,5000000479,000050,MAT00016,Safety Helmet 4,10,EA,273.93,2739.3,A100,0002,TAN,
100,5000000480,000010,MAT00041,USB-C Dock 11,46,EA,15500.29,713013.34,G100,0003,TAN,
100,5000000481,000010,MAT00069,USB-C Dock 18,31,EA,31100.11,964103.41,C100,0002,TAN,
100,5000000482,000010,MAT00026,Filing Cabinet 7,42,EA,10398.82,436750.44,A100,0001,TAN,
100,5000000482,000020,MAT00064,Drill Bit Set 16,16,EA,3356.5,53704.0,C100,0001,TAN,
100,5000000482,000030,MAT00033,Business Monitor 9,11,EA,-27738.75,305126.25,C100,0001,TAN,
100,5000000483,000010,MAT00052,Safety Helmet 13,54,EA,5289.29,285621.66,A100,0003,TAN,
100,5000000483,000020,MAT00001,Barcode Scanner 1,43,EA,9730.71,418420.53,G100,0003,TAN,
100,5000000483,000030,MAT00055,Packing Tape 14,37,EA,1179.33,43635.21,G100,0002,TAN,
100,5000000484,000010,MAT00003,Packing Tape 1,28,EA,829.34,23221.52,G100,0003,TAN,
100,5000000484,000020,MAT00061,Business Monitor 16,1,EA,14624.18,14624.18,A100,0002,TAN,
100,5000000484,000030,MAT00028,Safety Gloves 7,49,EA,5586.89,219006.09,G100,0001,TAN,
100,5000000484,000040,MAT00055,Packing Tape 14,46,EA,1282.28,58984.88,G100,0003,TAN,
100,5000000485,000010,MAT00040,Drill Bit Set 10,13,EA,3071.89,39934.57,G100,0003,TAN,
100,5000000485,000020,MAT00001,Barcode Scanner 1,57,EA,9230.3,526127.1,C100,0001,TAN,
100,5000000485,000030,MAT00069,USB-C Dock 18,8,Each,31056.22,248449.76,A100,0003,TAN,
100,5000000485,000040,MAT00035,Carton Box 9,11,EA,283.02,3113.22,A100,0002,TAN,
100,5000000485,000050,MAT00074,Standing Desk 19,53,EA,5945.06,315088.18,C100,0001,TAN,
100,5000000486,000010,MAT00060,Tool Kit 15,44,EA,2111.16,92891.04,C100,0001,TAN,
100,5000000486,000020,MAT00053,USB-C Dock 14,0,EA,34705.0,1561725.0,G100,0001,TAN,
100,5000000486,000030,MAT00017,USB-C Dock 5,1,EA,2981.96,2981.96,A100,0002,TAN,
100,5000000486,000040,MAT00080,Tool Kit 20,39,EA,2943.87,114810.93,A100,0001,TAN,
100,5000000486,000050,MAT00033,Business Monitor 9,19,EA,24037.88,456719.72,A100,0002,TAN,
100,5000000487,000010,MAT00068,Safety Gloves 17,33,EA,6742.77,222511.41,C100,0001,TAN,
100,5000000488,000010,MAT00020,Tool Kit 5,47,EA,3792.23,213881.77,C100,0001,TAN,
100,5000000488,000020,MAT00061,Business Monitor 16,48,EA,14127.77,678132.96,C100,0002,TAN,
100,5000000488,000030,MAT00072,Safety Gloves 18,48,EA,4469.46,214534.08,C100,0001,TAN,
100,5000000489,000010,MAT00023,Pallet 6,9,EA,1017.82,9160.38,C100,0002,TAN,
100,5000000489,000020,MAT00009,Business Monitor 3,14,EA,41413.61,579790.54,G100,0003,TAN,
100,5000000489,000030,MAT00001,Barcode Scanner 1,47,EA,9618.26,452058.22,G100,0001,TAN,
100,5000000489,000040,MAT00040,Drill Bit Set 10,21,EA,3596.07,75517.47,G100,0003,TAN,
100,5000000490,000010,MAT00055,Packing Tape 14,2,EA,1074.34,2148.68,A100,0003,TAN,
100,5000000490,000020,MAT00010,Office Chair 3,28,EA,-16452.69,460675.32,C100,0002,TAN,
100,5000000490,000030,MAT00057,Wireless Keyboard 15,36,EA,33754.66,1215167.76,A100,0002,TAN,
100,5000000490,000040,MAT00027,Packing Tape 7,22,EA,807.48,17764.56,A100,0001,TAN,
100,5000000491,000010,MAT00003 ,Packing Tape 1,4,EA,822.23,3288.92,G100,0002,TAN,
100,5000000492,000010,MAT00003,Packing Tape 1,18,EA,795.21,14313.78,G100,0003,TAN,
100,5000000492,000020,MAT00067,Stretch Film 17,33,EA,764.26,25220.58,G100,0002,TAN,
100,5000000492,000030,MAT00047,Stretch Film 12,38,EA,587.62,22329.56,G100,0001,TAN,
100,5000000492,000040,MAT00046,Meeting Table 12,35,EA,17384.06,730130.52,C100,0002,TAN,
100,5000000492,000050,MAT00038,Office Chair 10,43,EA,4801.67,206471.81,A100,0001,TAN,
100,5000000493,000010,MAT00049,Laptop 15 Inch 13,29,EA,13111.48,380232.92,C100,0001,TAN,
100,5000000493,000020,MAT99999,Safety Helmet 13,10,EA,5253.33,52533.3,C100,0001,TAN,
100,5000000493,000030, MAT00047,Stretch Film 12,9,EA,555.21,4996.89,A100,0002,TAN,
100,5000000494,000010,MAT00022,Office Chair 6,33,EA,6243.98,309077.01,G100,0001,TAN,
100,5000000495,000010,MAT00073,USB-C Dock 19,14,EA,6568.03,91952.42,G100,0003,TAN,
100,5000000495,000020,MAT00007,Stretch Film 2,47,EA,795.82,37403.54,G100,0003,TAN,
100,5000000495,000030,MAT00020,Tool Kit 5,26,EA,3519.65,91510.9,C100,0003,TAN,
100,5000000495,000040,MAT00035,Carton Box 9,57,EA,269.77,15376.89,C100,0001,TAN,
100,5000000496,000010,MAT00009,Business Monitor 3,15,EA,39217.14,588257.1,C100,0002,TAN,
100,5000000497,000010,MAT00053,USB-C Dock 14,-1,EA,36690.54,1247478.36,C100,0001,TAN,
100,5000000497,000020,MAT00039,Carton Box 10,57,EA,315.05,17957.85,C100,0002,TAN,
100,5000000498,000010,MAT00028,Safety Gloves 7,50,EA,5972.74,298637.0,C100,0001,TAN,
100,5000000498,000020,MAT00065,Wireless Keyboard 17,39,EA,4321.29,168530.31,G100,0003,TAN,
100,5000000498,000030,MAT00055,Packing Tape 14,33,EA,1248.35,41195.55,A100,0003,TAN,
100,5000000498,000040,MAT00039,Carton Box 10,24,EA,380.5,9132.0,G100,0001,TAN,
100,5000000499,000010,mat00052,Safety Helmet 13,13,EA,5517.88,71732.44,A100,0002,TAN,
100,5000000499,000020,MAT00038,Office Chair 10,60,EA,4805.58,288334.8,G100,0003,TAN,
100,5000000499,000030,MAT00076,Industrial Lubricant 19,56,EA,2255.22,126292.32,A100,0003,TAN,
100,5000000500,000010,MAT00067,Stretch Film 17,2,EA,802.63,1605.26,A100,0001,TAN,
100,5000000500,000020,MAT00040,Drill Bit Set 10,12,EA,3620.45,43445.4,G100,0003,TAN,
100,5000000500,000030,MAT00019,Carton Box 5,14,EA,894.02,18774.42,A100,0003,TAN,
100,5000000501,000010,MAT00063,Packing Tape 16,29,EA,738.56,21418.24,C100,0001,TAN,
100,5000000501,000020,MAT00045,Laptop 15 Inch 12,29,EA,10988.85,318676.65,C100,0003,TAN,
100,5000000502,000010,MAT00071,Pallet 18,47,EA,861.26,40479.22,A100,0002,TAN,
100,5000000502,000020,MAT00033,Business Monitor 9,7,EA,26400.66,184804.62,C100,0002,TAN,
100,5000000502,000030,MAT00011,Bubble Wrap 3,16,EA,27.97,447.52,C100,0002,TAN,
100,5000000503,000010,MAT00063,Packing Tape 16,35,EA,651.97,22818.95,A100,0002,TAN,
100,5000000504,000010,MAT00076,Industrial Lubricant 19,23,EA,2246.99,51680.77,G100,0003,TAN,
100,5000000504,000020,MAT00036,Safety Gloves 9,37,EA,2909.3,107644.1,,0003,TAN,
100,5000000504,000030,MAT00046 ,Meeting Table 12,17,EA,18216.62,309682.54,A100,0003,TAN,
100,5000000505,000010,MAT00006,Meeting Table 2,46,EA,12789.8,588330.8,G100,0003,TAN,
100,5000000505,000020,MAT00076,Industrial Lubricant 19,46,EA,2345.37,107887.02,A100,0003,TAN,
100,5000000505,000030,MAT00072,Safety Gloves 18,52,EA,4011.9,208618.8,A100,0001,TAN,
100,5000000505,000040,MAT00041,USB-C Dock 11,16,EA,14900.7,238411.2,A100,0003,TAN,
100,5000000505,000050,MAT00049,Laptop 15 Inch 13,2,EA,11561.82,23123.64,,0002,TAN,
100,5000000506,000010,MAT00057,Wireless Keyboard 15,9,EA,37359.97,336239.73,C100,0001,TAN,
100,5000000506,000020, MAT00053,USB-C Dock 14,9,EA,36765.74,330891.66,C100,0002,TAN,
100,5000000506,000030,MAT00070,Meeting Table 18,-5,EA,5804.24,348254.4,C100,0002,TAN,
100,5000000506,000040,MAT00018,Filing Cabinet 5,15,EA,3149.28,47239.2,A100,0002,TAN,
100,5000000507,000010,MAT00071,Pallet 18,44,EA,869.26,38247.44,C100,0001,TAN,
100,5000000507,000020,MAT00051,Bubble Wrap 13,60,EA,849.36,50961.6,,0002,TAN,
100,5000000508,000010,MAT00006,Meeting Table 2,48,EA,13975.4,670819.2,C100,0001,TAN,
100,5000000508,000020,MAT00004,Industrial Lubricant 1,19,EA,4106.47,78022.93,A100,0002,TAN,
100,5000000509,000010,MAT00060,Tool Kit 15,27,EA,-2183.79,58962.33,G100,0002,TAN,
100,5000000509,000020,MAT00017,USB-C Dock 5,18,EA,2893.85,52089.3,G100,0002,TAN,
100,5000000509,000030,MAT00003,Packing Tape 1,34,EA,750.4,25513.6,A100,0001,TAN,
100,5000000509,000040,MAT00062,Office Chair 16,26,EA,14013.99,364363.74,A100,0003,TAN,
100,5000000510,000010,MAT00003,Packing Tape 1,-5,EA,814.05,36632.25,C100,0002,TAN,
100,5000000511,000010,MAT00078,Filing Cabinet 20,14,EA,8127.46,113784.44,A100,0003,TAN,
100,5000000511,000020,MAT00080,Tool Kit 20,14,EA,2664.28,37299.92,G100,0002,TAN,
100,5000000512,000010,MAT00002,Desk Lamp 1,4,EA,7310.11,29240.44,G100,0003,TAN,
100,5000000512,000020,mat00058,Office Chair 15,46,EA,4906.05,180542.64,C100,0003,TAN,
100,5000000512,000030,MAT00014,Filing Cabinet 4,57,EA,11125.37,634146.09,G100,0003,TAN,
100,5000000512,000040,MAT00070,Meeting Table 18,16,EA,5522.06,88352.96,A100,0002,TAN,
100,5000000513,000010,MAT00062,Office Chair 16,20,EA,14993.99,299879.8,A100,0001,TAN,
100,5000000513,000020,MAT00012,Drill Bit Set 3,14,EA,5132.26,71851.64,C100,0003,TAN,
100,5000000513,000030,MAT00035,Carton Box 9,25,EA,293.81,7345.25,G100,0003,TAN,
100,5000000513,000040, MAT00080,Tool Kit 20,49,EA,2812.56,137815.44,c100,0001,TAN,
100,5000000513,000050,MAT00041,USB-C Dock 11,54,EA,16505.27,891284.58,C100,0001,TAN,
100,5000000514,000010,MAT00060,Tool Kit 15,27,EA,1981.13,53490.51,A100,0002,TAN,
100,5000000514,000020,MAT00062,Office Chair 16,43,EA,14459.3,621749.9,C100,0002,TAN,
100,5000000515,000010,MAT00041,USB-C Dock 11,56,EA,15872.51,888860.56,A100,0003,TAN,
100,5000000516,000010,MAT00076,Industrial Lubricant 19,56,EA,2377.52,133141.12,G100,0001,TAN,
100,5000000516,000020,MAT00028,Safety Gloves 7,5,PC,5574.21,27871.05,C100,0001,TAN,
100,5000000517,000010,MAT00015,Carton Box 4,53,EA,213.61,11321.33,A100,0002,TAN,
100,5000000517,000020,MAT00059,Pallet 15,26,EA,225.68,5867.68,C100,0002,TAN,
100,5000000518,000010,MAT00001,Barcode Scanner 1,45,EA,9089.06,613511.55,G100,0001,TAN,
100,5000000518,000020, MAT00075,Carton Box 19,45,EA,783.24,35245.8,A100,0001,TAN,
100,5000000518,000030,MAT00057,Wireless Keyboard 15,15,EA,37727.29,565909.35,C100,0003,TAN,
100,5000000518,000040,MAT00043,Carton Box 11,38,EA,652.72,24803.36,G100,0002,TAN,
100,5000000518,000050,MAT00008,Industrial Lubricant 2,12,EA,6434.45,77213.4,C100,0001,TAN,
100,5000000519,000010,MAT00074,Standing Desk 19,34,EA,-5950.21,202307.14,C100,0001,TAN,
100,5000000519,000020,MAT00035,Carton Box 9,31,EA,320.91,9948.21,A100,0001,TAN,
100,5000000519,000030,MAT00054,Office Chair 14,38,EA,4734.25,179901.5,A100,0001,TAN,
100,5000000519,000040,MAT00049,Laptop 15 Inch 13,44,EA,12639.45,556135.8,C100,0003,TAN,
100,5000000520,000010,MAT00067,Stretch Film 17,27,ea,741.64,20024.28,A100,0003,TAN,
100,5000000520,000020,MAT00079,Packing Tape 20,40,EA,52.99,2119.6,G100,0001,TAN,
100,5000000520,000030,MAT00051,Bubble Wrap 13,33,EA,980.91,32370.03,C100,0001,TAN,
100,5000000521,000010,MAT00071,Pallet 18,11,EA,773.6,8509.6,C100,0002,TAN,
100,5000000522,000010,MAT00001,Barcode Scanner 1,41,Each,8929.13,366094.33,C100,0003,TAN,
100,5000000522,000020,MAT00013,Business Monitor 4,33,EA,29288.92,966534.36,G100,0003,TAN,
100,5000000522,000030,MAT00003,Packing Tape 1,15,EA,887.64,13314.6,c100,0003,TAN,
100,5000000522,000040,MAT00057,Wireless Keyboard 15,52,EA,35253.18,1833165.36,A100,0001,TAN,
100,5000000523,000010,mat00016,Safety Helmet 4,26,EA,304.8,7924.8,G100,0002,TAN,
100,5000000523,000020,mat00005,USB-C Dock 2,45,EA,6221.08,279948.6,A100,0001,TAN,
100,5000000523,000030,MAT00079,Packing Tape 20,4,EA,58.68,234.72,G100,0001,TAN,
100,5000000523,000040,MAT00063,Packing Tape 16,19,EA,712.66,13540.54,A100,0001,TAN,
100,5000000524,000010,MAT00012,Drill Bit Set 3,45,EA,4459.61,200682.45,A100,0003,TAN,
100,5000000525,000010,MAT00021,Business Monitor 6,58,EA,29577.98,1715522.84,C100,0001,TAN,
100,5000000525,000020,MAT00014,Filing Cabinet 4,35,EA,11637.82,407323.7,C100,0001,TAN,
100,5000000525,000030,MAT00072,Safety Gloves 18,26,EA,4448.96,115672.96,C100,0003,TAN,
100,5000000525,000040,MAT00028,Safety Gloves 7,23,EA,5498.91,126474.93,G100,0001,TAN,
100,5000000525,000050,MAT00001,Barcode Scanner 1,30,EA,8926.92,267807.6,C100,0003,TAN,
100,5000000526,000010,MAT00006,Meeting Table 2,0,Each,12168.57,170359.98,A100,0003,TAN,
100,5000000527,000010,MAT00068,Safety Gloves 17,3,EA,6513.72,19541.16,C100,0001,TAN,
100,5000000527,000020,MAT00036,Safety Gloves 9,41,EA,2702.29,110793.89,C100,0001,TAN,
100,5000000527,000030,MAT00040,Drill Bit Set 10,29,EA,3566.57,103430.53,G100,0002,TAN,
100,5000000528,000010,MAT00053,USB-C Dock 14,55,EA,34812.86,1914707.3,C100,0001,TAN,
100,5000000528,000020,MAT00062,Office Chair 16,44,EA,15974.16,702863.04,C100,0002,TAN,
100,5000000529,000010,MAT00073,USB-C Dock 19,18,EA,5638.86,101499.48,C100,0001,TAN,
100,5000000529,000020,MAT00048,Safety Helmet 12,11,EA,1872.65,20599.15,c100,0003,TAN,
100,5000000529,000030,MAT00021,Business Monitor 6,39,EA,30595.28,1193215.92,A100,0002,TAN,
100,5000000529,000040,mat00045,Laptop 15 Inch 12,5,EA,11822.47,59112.35,A100,0002,TAN,
100,5000000530,000010,MAT00011,Bubble Wrap 3,55,EA,30.99,1704.45,C100,0001,TAN,
100,5000000530,000020,MAT00043,Carton Box 11,9,EA,606.34,5457.06,A100,0002,TAN,
100,5000000530,000030,MAT00033,Business Monitor 9,46,EA,25057.25,1152633.5,C100,0001,TAN,
100,5000000531,000010,MAT00016,Safety Helmet 4,-1,EA,301.5,13869.0,A100,0001,TAN,
100,5000000531,000020,MAT00036,Safety Gloves 9,58,EA,2691.61,156113.38,A100,0001,TAN,
100,5000000532,000010,MAT00064,Drill Bit Set 16,32,EA,2975.13,95204.16,A100,0001,TAN,
100,5000000532,000020,MAT00034,Desk Lamp 9,57,EA,9802.43,558738.51,G100,0002,TAN,
100,5000000532,000030, MAT00027,Packing Tape 7,7,EA,781.11,5467.77,A100,0001,TAN,
100,5000000532,000040,MAT00028,Safety Gloves 7,30,EA,5580.19,167405.7,A100,0003,TAN,
100,5000000533,000010,MAT00020,Tool Kit 5,-1,EA,3669.3,168787.8,C100,0003,TAN,
100,5000000533,000020,MAT00017,USB-C Dock 5,17,EA,2910.31,49475.27,c100,0003,TAN,
100,5000000533,000030,MAT00016,Safety Helmet 4,6,EA,293.56,1761.36,C100,0002,TAN,
100,5000000533,000040,MAT00029,Wireless Keyboard 8,31,EA,30422.81,943107.11,C100,0002,TAN,
100,5000000533,000050,MAT00039,Carton Box 10,58,EA,324.56,18824.48,A100,0001,TAN,
100,5000000534,000010,MAT00013,Business Monitor 4,9,EA,32613.08,440276.58,C100,0002,TAN,
100,5000000534,000020,MAT00050,Filing Cabinet 13,4,EA,-9403.81,37615.24,G100,0003,TAN,
100,5000000534,000030,MAT00070,Meeting Table 18,17,EA,5568.04,94656.68,,0002,TAN,
100,5000000535,000010,MAT00055,Packing Tape 14,12,EA,1251.6,15019.2,A100,0003,TAN,
100,5000000535,000020,MAT00017,USB-C Dock 5,33,EA,3183.37,105051.21,G100,0001,TAN,
100,5000000536,000010,mat00075,Carton Box 19,44,EA,787.27,34639.88,A100,0003,TAN,
100,5000000536,000020,MAT00014,Filing Cabinet 4,44,EA,9642.51,424270.44,C100,0003,TAN,
100,5000000536,000030,MAT00032,Safety Helmet 8,-1,EA,305.65,5807.35,C100,0001,TAN,
100,5000000536,000040,MAT00043,Carton Box 11,60,EA,596.13,35767.8,C100,0002,TAN,
100,5000000536,000050,MAT00035,Carton Box 9,2,EA,316.74,633.48,C100,0002,TAN,
100,5000000537,000010,MAT00045,Laptop 15 Inch 12,27,EA,12518.3,337994.1,G100,0002,TAN,
100,5000000537,000020,MAT00038,Office Chair 10,32,EA,4043.55,129393.6,G100,0003,TAN,
100,5000000538,000010,MAT00037,Business Monitor 10,49,EA,13578.65,798424.62,G100,0002,TAN,
100,5000000539,000010,MAT00011,Bubble Wrap 3,1,EA,28.51,28.51,C100,0001,TAN,
100,5000000540,000010,MAT00023,Pallet 6,40,ea,1115.01,44600.4,G100,0002,TAN,
100,5000000540,000020,MAT00026,Filing Cabinet 7,20,EA,10646.75,212935.0,A100,0001,TAN,
100,5000000540,000030,MAT00036,Safety Gloves 9,5,EA,2799.55,13997.75,A100,0003,TAN,
100,5000000541,000010,MAT00001,Barcode Scanner 1,56,EA,10202.31,571329.36,G100,0001,TAN,
100,5000000541,000020,MAT00032,Safety Helmet 8,47,EA,279.46,13134.62,A100,0003,TAN,
100,5000000541,000030,MAT00019,Carton Box 5,43,EA,,34857.09,A100,0001,TAN,
100,5000000541,000040,MAT00054,Office Chair 14,47,EA,5329.74,250497.78,C100,0002,TAN,
100,5000000542,000010,mat00015,Carton Box 4,27,EA,179.86,4856.22,A100,0003,TAN,
100,5000000542,000020,MAT00044,Tool Kit 11,10,EA,5985.63,59856.3,C100,0003,TAN,
100,5000000542,000030,MAT00030,Standing Desk 8,44,EA,5590.34,245974.96,C100,0001,TAN,
100,5000000542,000040,MAT00066,Standing Desk 17,16,EA,4898.56,78376.96,A100,0003,TAN,
100,5000000542,000050,MAT00031,Packing Tape 8,14,EA,145.97,2043.58,A100,0003,TAN,
100,5000000543,000010,MAT00016 ,Safety Helmet 4,42,EA,268.07,11258.94,G100,0003,TAN,
100,5000000543,000020,MAT00050,Filing Cabinet 13,6,EA,11156.64,66939.84,A100,0002,TAN,
100,5000000543,000030,MAT00079,Packing Tape 20,18,EA,52.48,944.64,G100,0003,TAN,
100,5000000544,000010, MAT00063,Packing Tape 16,59,EA,656.08,38708.72,A100,0001,TAN,
100,5000000544,000020,MAT00051,Bubble Wrap 13,13,EA,988.22,12846.86,G100,0001,TAN,
100,5000000544,000030,MAT00019,Carton Box 5,12,EA,878.57,10542.84,C100,0003,TAN,
100,5000000544,000040,MAT00045,Laptop 15 Inch 12,10,EA,11765.19,117651.9,A100,0002,TAN,
100,5000000545,000010,MAT00066,Standing Desk 17,10,EA,-4540.64,45406.4,G100,0002,TAN,
100,5000000545,000020,MAT00018,Filing Cabinet 5,15,EA,3663.4,54951.0,A100,0002,TAN,
100,5000000545,000030,MAT00067,Stretch Film 17,10,EA,672.76,6727.6,G100,0003,TAN,
100,5000000546,000010,MAT00076,Industrial Lubricant 19,43,EA,2133.95,91759.85,A100,0001,TAN,
100,5000000546,000020,MAT00049,Laptop 15 Inch 13,39,EA,13519.93,527277.27,G100,0001,TAN,
100,5000000546,000030,MAT00007,Stretch Film 2,58,EA,715.87,33216.37,,0002,TAN,
100,5000000546,000040,MAT00068,Safety Gloves 17,51,EA,6020.7,307055.7,C100,0003,TAN,
100,5000000546,000050,MAT00075,Carton Box 19,31,EA,931.56,28878.36,C100,0002,TAN,
100,5000000547,000010,MAT00057,Wireless Keyboard 15,59,EA,30870.08,1821334.72,C100,0002,TAN,
100,5000000548,000010,MAT00027,Packing Tape 7,54,EA,842.91,45517.14,A100,0002,TAN,
100,5000000548,000020,MAT00048,Safety Helmet 12,35,EA,1933.71,67679.85,A100,0002,TAN,
100,5000000548,000030,MAT00054,Office Chair 14,12,EA,5435.75,65229.0,C100,0003,TAN,
100,5000000548,000040,MAT00078,Filing Cabinet 20,15,EA,8173.87,122608.05,G100,0001,TAN,
100,5000000548,000050,MAT00017,USB-C Dock 5,5,EA,3149.48,15747.4,C100,0003,TAN,
100,5000000549,000010,MAT00054,Office Chair 14,7,EA,4795.94,33571.58,A100,0002,TAN,
100,5000000549,000020,MAT00051,Bubble Wrap 13,20,EA,883.24,17664.8,G100,0003,TAN,
100,5000000549,000030,MAT00048,Safety Helmet 12,50,EA,1800.37,90018.5,A100,0001,TAN,
100,5000000549,000040,MAT00040,Drill Bit Set 10,28,EA,3509.45,98264.6,A100,0003,TAN,
100,5000000550,000010,MAT00001,Barcode Scanner 1,32,EA,9639.95,308478.4,G100,0001,TAN,
100,5000000551,000010,MAT00057,Wireless Keyboard 15,60,EA,34230.28,2053816.8,G100,0003,TAN,
100,5000000551,000020,MAT00079,Packing Tape 20,27,EA,50.49,1363.23,G100,0001,TAN,
100,5000000551,000030,MAT00071,Pallet 18,9,EA,892.4,8031.6,C100,0001,TAN,
100,5000000552,000010,MAT00015,Carton Box 4,24,EA,203.23,4877.52,G100,0003,TAN,
100,5000000553,000010,mat00054,Office Chair 14,22,EA,4725.07,103951.54,A100,0002,TAN,
100,5000000553,000020,MAT00078,Filing Cabinet 20,46,EA,8653.89,398078.94,A100,0002,TAN,
100,5000000553,000030,MAT00041,USB-C Dock 11,42,EA ,15863.87,666282.54,C100,0001,TAN,
100,5000000553,000040,MAT00038,Office Chair 10,23,EA,4798.32,110361.36,A100,0003,TAN,
100,5000000554,000010,MAT00018,Filing Cabinet 5,17,EA,2969.76,50485.92,C100,0003,TAN,
100,5000000554,000020,MAT00069,USB-C Dock 18,26,EA,30959.98,804959.48,A100,0002,TAN,
100,5000000554,000030,MAT00010,Office Chair 3,45,EA,17006.56,765295.2,G100,0003,TAN,
100,5000000554,000040,MAT00030,Standing Desk 8,38,EA,,226817.82,A100,0001,TAN,
100,5000000554,000050,MAT00063,Packing Tape 16,59,EA ,725.47,42802.73,A100,0002,TAN,
100,5000000555,000010,MAT00052,Safety Helmet 13,31,EA,5650.47,175164.57,X999,0002,TAN,
100,5000000555,000020,MAT99999,Office Chair 3,56,EA,15935.84,892407.04,C100,0003,TAN,
100,5000000555,000030,MAT00071,Pallet 18,51,EA,804.92,41050.92,A100,0001,TAN,
100,5000000555,000040,MAT00008,Industrial Lubricant 2,25,EA,6553.34,163833.5,A100,0002,TAN,
100,5000000556,000010,MAT00058,Office Chair 15,38,EA,4891.17,185864.46,A100,0002,TAN,
100,5000000556,000020,MAT00038,Office Chair 10,17,Each,4528.32,76981.44,A100,0003,TAN,
100,5000000556,000030,MAT00059,Pallet 15,9,EA,230.91,2078.19,C100,0001,TAN,
100,5000000557,000010,MAT00018,Filing Cabinet 5,27,EA,3251.67,87795.09,X999,0001,TAN,
100,5000000557,000020,MAT00063,Packing Tape 16,57,EA,,40455.75,C100,0002,TAN,
100,5000000558,000010,MAT00028,Safety Gloves 7,53,EA,,342435.12,A100,0003,TAN,
100,5000000558,000020,MAT00005,USB-C Dock 2,17,EA,6368.66,108267.22,C100,0001,TAN,
100,5000000558,000030,MAT00050,Filing Cabinet 13,27,EA,9356.21,252617.67,G100,0002,TAN,
100,5000000558,000040,MAT00071,Pallet 18,34,EA,887.8,30185.2,G100,0001,TAN,
100,5000000558,000050,MAT00070,Meeting Table 18,28,EA,5916.24,165654.72,G100,0002,TAN,
100,5000000559,000010,MAT00043,Carton Box 11,6,EA,595.72,3574.32,G100,0002,TAN,
100,5000000559,000020,MAT00049,Laptop 15 Inch 13,16,EA,13668.08,218689.28,C100,0003,TAN,
100,5000000559,000030,MAT00062,Office Chair 16,23,EA,16539.33,380404.59,A100,0003,TAN,
100,5000000560,000010,MAT00025,Barcode Scanner 7,6,EA,,132455.88,C100,0003,TAN,
100,5000000560,000020,MAT99999,USB-C Dock 11,27,EA,16762.85,452596.95,A100,0001,TAN,
100,5000000560,000030,MAT00019,Carton Box 5,4,EA,978.06,3912.24,G100,0003,TAN,
100,5000000561,000010,MAT00004,Industrial Lubricant 1,46,EA,4440.16,204247.36,C100,0002,TAN,
100,5000000561,000020,MAT00039,Carton Box 10,14,EA,375.23,6303.86,C100,0001,TAN,
100,5000000561,000030, MAT00075,Carton Box 19,2,EA,937.86,1875.72,C100,0003,TAN,
100,5000000562,000010,MAT00063,Packing Tape 16,-5,EA,748.7,43424.6,A100,0002,TAN,
100,5000000562,000020,MAT00079,Packing Tape 20,34,EA,52.61,1788.74,G100,0003,TAN,
100,5000000562,000030,MAT00077,Business Monitor 20,48,EA,4717.78,226453.44,A100,0001,TAN,
100,5000000562,000040,mat00041,USB-C Dock 11,32,EA,16488.43,527629.76,G100,0002,TAN,
100,5000000563,000010,MAT00048,Safety Helmet 12,6,EA,1859.83,11158.98,A100,0001,TAN,
100,5000000563,000020,MAT99999,Business Monitor 9,-5,EA,23247.58,906655.62,G100,0001,TAN,
100,5000000564,000010,MAT00033,Business Monitor 9,11,EA,25927.45,285201.95,A100,0003,TAN,
100,5000000564,000020,MAT00004,Industrial Lubricant 1,55,EA,4572.36,251479.8,A100,0002,TAN,
100,5000000565,000010,MAT00065,Wireless Keyboard 17,1,EA,5032.06,5032.06,C100,0003,TAN,
100,5000000566,000010,MAT00068,Safety Gloves 17,45,EA,7223.57,325060.65,C100,0001,TAN,
100,5000000566,000020,MAT00025,Barcode Scanner 7,18,PC,19865.65,357581.7,G100,0002,TAN,
100,5000000566,000030,MAT00005 ,USB-C Dock 2,31,EA,5872.84,182058.04,C100,0002,TAN,
100,5000000566,000040,MAT00018,Filing Cabinet 5,12,EA,3410.83,40929.96,A100,0002,TAN,
100,5000000566,000050,MAT00008,Industrial Lubricant 2,17,EA,6950.68,118161.56,A100,0002,TAN,
100,5000000567,000010,MAT00067,Stretch Film 17,14,EA,685.54,9597.56,A100,0003,TAN,
100,5000000568,000010,MAT99999,Safety Helmet 13,53,EA,5606.5,297144.5,G100,0001,TAN,
100,5000000568,000020,MAT00022,Office Chair 6,20,EA,6512.7,130254.0,A100,0003,TAN,
100,5000000568,000030,MAT00078,Filing Cabinet 20,22,EA,9407.53,206965.66,G100,0001,TAN,
100,5000000568,000040,MAT00009,Business Monitor 3,19,EA,40106.06,762015.14,C100,0001,TAN,
100,5000000569,000010,MAT00027,Packing Tape 7,58,EA,857.49,49734.42,C100,0002,TAN,
100,5000000569,000020,MAT00007,Stretch Film 2,42,EA,862.61,36229.62,A100,0003,TAN,
100,5000000569,000030,MAT00025,Barcode Scanner 7,42,EA,18576.02,780192.84,C100,0002,TAN,
100,5000000569,000040,MAT00034,Desk Lamp 9,32,EA,9297.26,297512.32,G100,0001,TAN,
100,5000000569,000050,MAT00037,Business Monitor 10,35,EA,12414.85,434519.75,C100,0003,TAN,
100,5000000570,000010,MAT00046,Meeting Table 12,12,EA,15587.8,187053.6,A100,0001,TAN,
100,5000000570,000020,MAT00026,Filing Cabinet 7,52,EA,9360.02,486721.04,C100,0002,TAN,
100,5000000571,000010,MAT00033,Business Monitor 9,49,EA,24260.63,1188770.87,C100,0003,TAN,
100,5000000571,000020,MAT00004,Industrial Lubricant 1,15,EA,4710.12,70651.8,A100,0003,TAN,
100,5000000572,000010,MAT00046,Meeting Table 12,22,EA,16247.06,357435.32,G100,0001,TAN,
100,5000000572,000020,MAT00062 ,Office Chair 16,57,EA,14142.7,806133.9,C100,0001,TAN,
100,5000000573,000010,MAT00066,Standing Desk 17,4,EA,4568.12,18272.48,A100,0001,TAN,
100,5000000573,000020,MAT00071,Pallet 18,47,EA,869.75,40878.25,C100,0002,TAN,
100,5000000574,000010,MAT00044,Tool Kit 11,0,EA,5403.63,221548.83,A100,0002,TAN,
100,5000000575,000010,MAT00072,Safety Gloves 18,54,EA,4439.87,239752.98,A100,0003,TAN,
100,5000000576,000010,MAT00061,Business Monitor 16,42,EA,14328.84,601811.28,C100,0002,TAN,
100,5000000577,000010,MAT00033,Business Monitor 9,21,EA,23032.62,483685.02,C100,0003,TAN,
100,5000000577,000020,MAT00026,Filing Cabinet 7,10,EA,11249.77,112497.7,A100,0003,TAN,
100,5000000578,000010,MAT00004,Industrial Lubricant 1,9,EA,4386.81,39481.29,C100,0003,TAN,
100,5000000579,000010,MAT00015,Carton Box 4,27,EA,187.76,5069.52,A100,0001,TAN,
100,5000000580,000010,MAT00008,Industrial Lubricant 2,60,EA,6025.49,361529.4,G100,0003,TAN,
100,5000000580,000020,MAT00073,USB-C Dock 19,11,EA,6027.57,66303.27,A100,0001,TAN,
100,5000000580,000030,MAT00067,Stretch Film 17,5,ea,740.35,3701.75,C100,0001,TAN,
100,5000000580,000040,MAT00059,Pallet 15,56,EA,228.94,12820.64,G100,0001,TAN,
100,5000000581,000010,MAT00019,Carton Box 5,37,EA,856.66,31696.42,G100,0001,TAN,
100,5000000581,000020,MAT00036,Safety Gloves 9,3,EA,2726.84,8180.52,C100,0003,TAN,
100,5000000581,000030,MAT00005,USB-C Dock 2,41,EA,5614.48,230193.68,A100,0003,TAN,
100,5000000581,000040,MAT00055,Packing Tape 14,35,EA,1301.73,45560.55,G100,0002,TAN,
100,5000000581,000050,MAT00007,Stretch Film 2,8,EA,784.94,6279.52,A100,0001,TAN,
100,5000000582,000010,MAT00076,Industrial Lubricant 19,14,EA,2345.51,32837.14,G100,0002,TAN,
100,5000000582,000020,MAT00005,USB-C Dock 2,59,EA,6203.74,366020.66,A100,0003,TAN,
100,5000000582,000030,MAT00003,Packing Tape 1,49,EA,,38813.88,G100,0002,TAN,
100,5000000582,000040,MAT00066,Standing Desk 17,43,EA,4437.6,190816.8,G100,0002,TAN,
100,5000000582,000050,MAT00053 ,USB-C Dock 14,36,EA,33110.26,1191969.36,G100,0003,TAN,
100,5000000583,000010,MAT00038,Office Chair 10,6,EA,4841.34,29048.04,A100,0003,TAN,
100,5000000583,000020,MAT00005,USB-C Dock 2,23,EA,6379.66,220098.27,C100,0003,TAN,
100,5000000583,000030,MAT00048,Safety Helmet 12,1,EA,1848.9,1848.9,C100,0001,TAN,
100,5000000583,000040,MAT00060,Tool Kit 15,29,EA,1831.45,53112.05,C100,0001,TAN,
100,5000000584,000010,MAT99999,Tool Kit 15,50,EA,2041.61,102080.5,G100,0001,TAN,
100,5000000584,000020,MAT00012,Drill Bit Set 3,6,EA,4890.24,29341.44,G100,0003,TAN,
100,5000000585,000010,MAT00058,Office Chair 15,55,EA,4999.99,274999.45,A100,0002,TAN,
100,5000000585,000020,MAT00059,Pallet 15,16,EA,262.58,4201.28,G100,0003,TAN,
100,5000000586,000010,MAT00051,Bubble Wrap 13,46,EA,813.66,37428.36,A100,0003,TAN,
100,5000000586,000020,MAT00067,Stretch Film 17,33,EA,751.62,24803.46,G100,0001,TAN,
100,5000000586,000030,MAT00046,Meeting Table 12,-1,EA,18531.6,889516.8,G100,0003,TAN,
100,5000000586,000040,MAT00066,Standing Desk 17,53,EA,4357.7,230958.1,G100,0003,TAN,
100,5000000586,000050,MAT00078,Filing Cabinet 20,28,EA,9830.75,275261.0,G100,0003,TAN,
100,5000000587,000010,MAT00061,Business Monitor 16,24,EA,13344.77,320274.48,A100,0001,TAN,
100,5000000588,000010,MAT00002,Desk Lamp 1,3,EA,7138.95,21416.85,A100,0003,TAN,
100,5000000588,000020,MAT00052,Safety Helmet 13,0,EA,6063.72,66700.92,C100,0001,TAN,
100,5000000588,000030,MAT00067,Stretch Film 17,18,EA,778.34,14010.12,C100,0002,TAN,
100,5000000588,000040,MAT00022,Office Chair 6,5,EA,7055.84,52918.8,G100,0003,TAN,
100,5000000588,000050,MAT00076,Industrial Lubricant 19,53,EA,2261.89,119880.17,,0002,TAN,
100,5000000589,000010,MAT00070,Meeting Table 18,59,EA,5168.04,304914.36,A100,0002,TAN,
100,5000000589,000020,MAT00058,Office Chair 15,50,EA,4336.23,216811.5,G100,0003,TAN,
100,5000000589,000030,MAT00027,Packing Tape 7,6,EA,876.98,5261.88,C100,0002,TAN,
100,5000000589,000040,MAT00051,Bubble Wrap 13,46,EA,922.78,42447.88,G100,0001,TAN,
100,5000000590,000010,mat00035,Carton Box 9,33,ea,306.09,10100.97,C100,0003,TAN,
100,5000000590,000020,MAT00061,Business Monitor 16,39,EA,16266.53,634394.67,A100,0001,TAN,
100,5000000591,000010,MAT00027,Packing Tape 7,45,EA,916.86,41258.7,C100,0002,TAN,
100,5000000591,000020,MAT00004,Industrial Lubricant 1,9,EA,4157.99,37421.91,A100,0001,TAN,
100,5000000592,000010,MAT00058,Office Chair 15,54,EA,4375.33,236267.82,G100,0002,TAN,
100,5000000592,000020,MAT00001,Barcode Scanner 1,23,PC,9977.58,275381.21,G100,0001,TAN,
100,5000000592,000030,MAT00041,USB-C Dock 11,40,EA,14160.94,566437.6,A100,0003,TAN,
100,5000000592,000040,MAT00017,USB-C Dock 5,37,EA,2643.22,97799.14,A100,0002,TAN,
100,5000000592,000050,MAT00031,Packing Tape 8,23,EA,143.3,3295.9,A100,0002,TAN,
100,5000000593,000010,MAT00080,Tool Kit 20,33,EA,2501.36,82544.88,C100,0002,TAN,
100,5000000593,000020,MAT00013,Business Monitor 4,35,EA,34301.54,1200553.9,C100,0002,TAN,
100,5000000594,000010,MAT00026,Filing Cabinet 7,29,EA,10425.78,302347.62,A100,0001,TAN,
100,5000000594,000020,MAT00043,Carton Box 11,46,EA,668.52,46127.88,C100,0001,TAN,
100,5000000594,000030,MAT00012,Drill Bit Set 3,45,EA,4537.5,204187.5,C100,0002,TAN,
100,5000000595,000010,MAT00003,Packing Tape 1,24,EA,829.9,19917.6,G100,0002,TAN,
100,5000000595,000020,MAT00064,Drill Bit Set 16,48,EA,3034.7,145665.6,C100,0001,TAN,
100,5000000595,000030,MAT00020,Tool Kit 5,35,ea,3745.38,131088.3,C100,0002,TAN,
100,5000000596,000010,MAT00011,Bubble Wrap 3,20,EA,27.76,555.2,G100,0003,TAN,
100,5000000596,000020,MAT00006 ,Meeting Table 2,42,EA,11514.95,483627.9,C100,0002,TAN,
100,5000000596,000030,MAT00036,Safety Gloves 9,38,EA,2712.87,103089.06,A100,0003,TAN,
100,5000000596,000040,MAT00002,Desk Lamp 1,1,EA,8338.39,8338.39,A100,0001,TAN,
100,5000000597,000010,MAT00070,Meeting Table 18,58,EA,5615.62,325705.96,C100,0001,TAN,
100,5000000598,000010, MAT00068,Safety Gloves 17,11,EA,6876.92,75646.12,A100,0003,TAN,
100,5000000599,000010,MAT00078,Filing Cabinet 20,49,EA,8695.42,340860.46,A100,0003,TAN,
100,5000000599,000020,MAT00032,Safety Helmet 8,33,EA,318.3,10503.9,C100,0003,TAN,
100,5000000599,000030,MAT00016,Safety Helmet 4,9,EA,269.22,2422.98,A100,0002,TAN,
100,5000000600,000010,MAT00017,USB-C Dock 5,12,EA,2823.96,33887.52,A100,0001,TAN,
100,5000000600,000020,MAT00066,Standing Desk 17,37,EA,4827.92,178633.04,C100,0003,TAN,
100,5000000600,000030,MAT00064,Drill Bit Set 16,30,EA,2916.48,87494.4,C100,0002,TAN,
100,5000000600,000040,MAT00049,Laptop 15 Inch 13,13,EA,11504.41,149557.33,G100,0002,TAN,
100,5000000068,000010,MAT00027,Packing Tape 7,49,EA,781.35,38286.15,A100,0003,TAN,
100,5000000059,000020,MAT00039,Carton Box 10,29,EA,373.97,10845.13,C100,0002,TAN,
100,5000000465,000010,MAT00046 ,Meeting Table 12,44,EA,18763.48,825593.12,A100,0002,TAN,
100,5000000348,000020,MAT00006,Meeting Table 2,7,EA,13977.7,97843.9,c100,0002,TAN,
100,5000000442,000020,MAT00071,Pallet 18,22,EA,751.31,16528.82,C100,0003,TAN,
100,5000000422,000020,MAT00014,Filing Cabinet 4,44,EA,11216.36,493519.84,A100,0003,TAN,
100,5000000104,000010,MAT00058,Office Chair 15,22,EA,4241.73,93318.06,G100,0001,TAN,
100,5000000571,000010,MAT00033,Business Monitor 9,49,EA,24260.63,1188770.87,C100,0003,TAN,
100,5000000349,000030,MAT00069,USB-C Dock 18,21,EA,36289.31,762075.51,A100,0001,TAN,
100,5000000379,000030,MAT00059,Pallet 15,9,EA,247.67,2229.03,G100,0003,TAN,
100,5000000564,000020,MAT00004,Industrial Lubricant 1,55,EA,4572.36,251479.8,A100,0002,TAN,
100,5000000298,000010,MAT00071,Pallet 18,17,EA,867.76,14751.92,A100,0003,TAN,
100,5000000073,000010,MAT00024,Tool Kit 6,55,EA,727.69,40022.95,C100,0001,TAN,
100,5000000241,000050,MAT00015,Carton Box 4,54,EA,175.01,9450.54,C100,0003,TAN,
100,5000000438,000050,MAT00034,Desk Lamp 9,5,EA,10122.02,50610.1,C100,0002,TAN,
100,5000000416,000050,MAT00028,Safety Gloves 7,-5,EA,5779.53,127149.66,C100,0003,TAN,
100,5000000558,000040,MAT00071,Pallet 18,34,EA,887.8,30185.2,G100,0001,TAN,
100,5000000551,000010,MAT00057,Wireless Keyboard 15,60,EA,34230.28,2053816.8,G100,0003,TAN,
100,5000000509,000040,MAT00062,Office Chair 16,26,EA,14013.99,364363.74,A100,0003,TAN,
100,5000000243,000020,MAT00024,Tool Kit 6,28,EA,693.83,19427.24,G100,0003,TAN,
100,5000000512,000030,MAT00014,Filing Cabinet 4,57,EA,11125.37,634146.09,G100,0003,TAN,
100,5000000073,000020,MAT00040,Drill Bit Set 10,47,EA,3237.45,152160.15,A100,0003,TAN,
100,5000000106,000020,MAT00054,Office Chair 14,12,EA,4827.28,57927.36,C100,0001,TAN,
100,5000000230,000030,MAT00057,Wireless Keyboard 15,31,EA,35486.75,1100089.25,A100,0001,TAN,
100,5000000461,000030,MAT00037,Business Monitor 10,55,EA,12393.45,681639.75,G100,0002,TAN,
100,5000000445,000020,MAT00018,Filing Cabinet 5,32,EA,3530.82,112986.24,G100,0002,TAN,
100,5000000452,000020,MAT00011,Bubble Wrap 3,9,EA,28.83,259.47,A100,0003,TAN,
100,5000000416,000040,MAT00026,Filing Cabinet 7,28,EA,9545.23,267266.44,A100,0002,TAN,
100,5000000059,000030,MAT00064,Drill Bit Set 16,43,Each,3046.0,130978.0,A100,0003,TAN,
100,5000000057,000020,MAT00026,Filing Cabinet 7,45,EA,9857.92,443606.4,C100,0003,TAN,
